Glottocode,Family_ID,GPGLMM_3D_Mean,GPGLMM_3D_SE,Isolate_Flag,Verkerk_BRMS_Mean,Verkerk_BRMS_SE
abkh1244,abkh1242,-3.6083891817213516,0.019199712715444166,0,-3.9012390506455,4.6559061871241
abun1252,abun1252,1.9464758001538676,0.019199109555304725,1,0.921335058625,4.311752718901435
achi1257,aust1307,3.232571701768805,0.020684461933561778,0,6.62347041766625,3.689745488196345
acol1236,nilo1247,0.9996768054437375,0.01659742682308558,0,1.658880672845,3.89375919382425
adze1240,aust1307,0.5770268112222754,0.008919480078592557,0,5.5815942974025,3.5899691813601198
aeky1238,kamu1264,-2.9048494658852153,0.02738981054612106,0,-3.5699290623174997,4.558680738857065
afar1241,afro1255,-2.977657989528957,0.019391463500052532,0,-3.677800500987475,3.9618953336366154
aghe1239,atla1278,3.6532624018805118,0.027181459043868712,0,7.09895231684025,4.26032177199389
aghu1255,nucl1709,-3.912133130690301,0.04384721224264528,0,-3.913277917964,3.95355075605564
agob1244,paho1240,-4.432849711199719,0.038156287422763106,0,-3.7214953970375,4.619696340211201
agua1253,jiva1245,-2.5689476427625655,0.012907476286050476,0,-2.774560660345,4.099595987219095
aime1238,bosa1245,-4.025936539506388,0.052725771703334146,0,-3.215495242363725,4.65977886175361
musa1266,nucl1709,-4.014566711690563,0.041989636452103775,0,-3.851394100715,4.559099797904885
ajab1235,atla1278,3.203572456976027,0.022604895208926716,0,5.3035466611775,3.98568558260167
ajie1238,aust1307,4.1347304487200205,0.01668265360176297,0,6.4061110796625,3.704996732938435
west2635,maya1287,4.196530842374198,0.021610703785287216,0,4.331563924345,4.23036689308552
akoo1248,atla1278,3.1123194675147277,0.024250709487014233,0,7.6328308985275,4.083336180127465
akun1241,tupi1275,-1.7228585749037415,0.018834764038428917,0,-1.8079397416499998,3.7194127457665997
alab1254,afro1255,-2.6520283533634,0.01525467499905553,0,-3.690867372295,3.94310925457627
alab1237,musk1252,-2.898230107686774,0.013640205152119955,0,-3.4693846529799997,4.104858427544725
alac1244,otom1299,4.5655168509558,0.015980956446322764,0,4.807558368762249,4.270468159591115
alag1248,afro1255,-0.4122536258708081,0.011983453358200542,0,-3.47297015502875,4.00555558242758
aleu1260,eski1264,-1.4429065603102358,0.00966704842490213,0,-1.7050001503,4.077801065956034
alor1247,aust1307,2.8753264527382556,0.018867736035731532,0,6.5448171911749995,3.7348773773551898
aluk1238,drav1251,-1.3719950105603078,0.018063798136007374,0,-2.0793493387149997,3.709602796889545
amap1240,left1242,-3.2284047504824764,0.029171053411908208,0,-3.45213172161,4.622711768266005
amdo1237,sino1245,-1.3688389188542756,0.013175178883403763,0,-1.891997019053,3.444703445712185
hoaa1235,kxaa1236,2.08419580038733,0.01612069389913394,0,2.942110177601,4.832233585756965
gily1242,nivk1234,-2.948389923560434,0.009448938891034262,0,-6.6414306824325,6.2600426093975
anei1239,aust1307,4.236755598848412,0.017894515437552588,0,6.45971119555,3.709414749626995
wara1294,more1255,-4.322567011423496,0.028859478108295762,0,-3.8043914807304997,4.62772219633243
anta1255,aust1307,-0.9722094884445343,0.012274090349826095,0,3.4309410034925003,3.4337373670935802
anuf1239,atla1278,3.4511454349660187,0.030715804876953235,0,5.370706152312501,3.93320949314494
anuu1241,sino1245,-1.9366523259634985,0.0213419300267931,0,-0.47440877103150003,3.5303747237550454
aona1235,sino1245,-3.4195992341749744,0.04428204669280552,0,-1.81569783170475,3.6337264390558053
apat1240,sino1245,-2.7993384090694313,0.017656585165569703,0,-3.07328967463575,3.633383285738605
apin1244,nucl1710,-1.9645813405526327,0.016648391640700203,0,-1.3533870053575,3.791808397274615
apma1240,aust1307,4.611008725376456,0.0043937116990814575,0,6.0507543806695,3.6526140413864
arak1252,aust1307,3.584189957958216,0.014952696231404248,0,6.3661916138395,3.685329132019035
arao1248,pano1259,-2.886607990607472,0.01466114896581235,0,-3.78724363688,4.111715038948535
arap1274,algi1248,0.7953603607891905,0.013333132817148709,0,0.8645524614225,3.559021460362045
area1240,aust1307,3.3094945556803053,0.020873993932565407,0,6.5253047705092495,3.68110114321136
argo1244,afro1255,-2.887107650894506,0.019083746894386536,0,-2.2852280424325,4.1318648893962
arom1237,indo1319,2.822944375053079,0.02053259534254264,0,4.807046373292501,3.80433897869043
arop1243,aust1307,1.364125764834717,0.01873498048284372,0,4.7941440707275,3.542318787279675
arop1242,aust1307,1.7788324190340041,0.02207949155510279,0,4.95140454688,3.64344796941384
arta1239,aust1307,4.735294997907123,0.018572984348416477,0,6.47127338865,3.691408707263295
ashe1272,araw1281,2.3446979616762125,0.015649858432373032,0,3.84005396242,4.08367959313731
assi1247,siou1252,-2.9882143706275213,0.014206025947861484,0,-3.0673325660430004,4.360865260690985
asut1235,atla1278,3.1444034715747957,0.023345291753215827,0,8.04302140845125,4.045830790384461
atam1240,aust1307,4.8231754013820165,0.020385900583464553,0,5.974623318655,3.64698445216005
athp1241,sino1245,-5.355584487443269,0.018070663095913597,0,-3.6667154809275,3.82592579386984
aton1241,sino1245,-4.361217050798951,0.014968519899675499,0,-3.109830764695,3.64788272637718
aulu1238,aust1307,4.520672327892881,0.00981851123556397,0,6.227904500179999,3.658386311125255
auye1238,nucl1709,-1.8825484440601084,0.04377680429930274,0,-3.9808870328525,3.9610595024363153
katb1237,aust1307,3.448343972511089,0.01629683477400797,0,6.280118392792501,3.687451131201315
awad1244,aust1307,0.3002208190072694,0.0212389940118746,0,2.957512482515,3.5042916764614347
awad1243,indo1319,-2.7438245019700207,0.01749677408890181,0,-2.9956718637175,3.79368174069254
awar1248,nucl1709,-2.8822188756041034,0.03988243624815953,0,-2.883844767651,3.791301556324175
awet1244,tupi1275,-2.3158984153353352,0.017068941496740424,0,-2.18574912836125,3.9236097965935297
awji1241,afro1255,1.8026211726236183,0.012066513653571089,0,4.7841476655897495,4.059923120834975
awtu1239,sepi1257,-3.5863809211917026,0.03458058951825219,0,-4.5041697785055,4.6174684353697995
axam1237,aust1307,4.46600945097302,0.02024596051181848,0,6.245614681235001,3.645716926175345
axiy1235,sino1245,-2.6580219133244407,0.02063977986444317,0,-5.36051643474,3.77748285294126
azha1235,sino1245,-2.319235759227227,0.018617626885303547,0,-5.3746813744175,3.77828704795765
baba1266,atla1278,3.5378825965283056,0.020055581654074995,0,7.13188098426,4.267860373516285
baba1268,aust1307,2.216736512322564,0.014247931438373081,0,5.373989775218,3.61966545371045
bafi1243,atla1278,3.2195717367023233,0.024853207287412006,0,7.61115970795,4.0811716291609
bafu1246,atla1278,3.574682317573546,0.023123728824135634,0,7.13069999791,4.261840249763165
bahi1252,sino1245,-5.535263439301284,0.008570875886229925,0,-3.734442230894775,3.810032724933155
baim1244,sino1245,-2.3307296116822176,0.01867311415602365,0,-2.652488348925,3.475100918290205
baki1244,aust1307,4.295551727828922,0.02064478675749797,0,5.5152414732135,3.5758862042434902
bala1316,aust1307,4.068960857877444,0.020393651697419735,0,6.47614246711,3.71036967897343
bala1311,aust1307,3.338341363992938,0.017857265976016046,0,5.756859416665501,3.671537267370465
bala1315,aust1307,2.1913856899947257,0.021640438413014263,0,6.53435769256,3.72183827754573
bamu1253,atla1278,3.4247857001551605,0.02500285820542497,0,7.162888758165,4.254697113948559
band1344,atla1278,4.7316500994269965,0.03172712966801022,0,5.8994916590415,3.9506182945965946
bant1288,aust1307,4.380283557329595,0.015276044914678698,0,6.1852900849275,3.6275255826854202
nucl1630,koia1260,-3.909645351626872,0.029919854795883518,0,-3.59000422662,4.86881228871016
bara1369,aust1307,1.76399387298716,0.014265993402720313,0,3.7920778171449996,3.4382326821911997
bari1286,aust1307,3.0351606514200076,0.027056897651183846,0,4.687618585876249,3.65688344728003
baro1253,aust1307,4.034140996682682,0.018614979365111358,0,5.1628636227074995,3.686090375416525
bata1289,aust1307,4.581178394683346,0.019838854158303307,0,6.2285374055,3.7120285048174
bebe1248,atla1278,4.002360563714049,0.02556454456824278,0,7.5183755496749995,4.09865214062474
bela1254,indo1319,1.48735127047372,0.02435430719028062,0,2.4404850539175,3.5054996401182503
nyal1254,aust1307,4.01423546053549,0.009870515500637769,0,6.4690330075775,3.71960632993925
belh1239,sino1245,-5.367280273733,0.015519473294441945,0,-3.6635929934525002,3.8161109368356554
bell1243,sali1255,3.8566526502711866,0.019519904241671916,0,3.7620610587075003,3.98298906401425
bemb1257,atla1278,4.403259468658744,0.028760907757487575,0,7.9426610875925,4.056640803982315
bhoj1244,indo1319,-2.733829794639561,0.01923991966537431,0,-3.1619230821135,3.74819789202755
bian1252,kuni1270,-2.9979758346629652,0.030981599683528097,0,-3.6728081629995,4.581981702686025
biao1254,hmon1336,4.240791272932162,0.012134484145322349,0,7.19043310644,4.16072743141853
biao1256,hmon1336,4.902900690827735,0.01828174285804007,0,7.2023528964425,4.16989319435975
bier1244,aust1307,4.319427555571127,0.019356370579152238,0,5.49731124015,3.59911520684941
bign1238,aust1307,3.5115929172692995,0.01757577078959659,0,6.3069376274755005,3.650137275481415
biha1246,aust1307,4.807696226886588,0.007838683948550076,0,6.6647587655,3.674694162202245
bini1246,atla1278,1.9363972428541674,0.016297031195015382,0,6.2984531011225,3.926503706777945
gunw1252,gunw1250,-1.3131641260713942,0.02832570461890295,0,-1.2405891280875,3.811486781928835
bisu1244,sino1245,-1.9190451574644838,0.022771711499513455,0,-5.3750235877975,3.7689863146344953
bitt1240,aust1305,3.5550533634564827,0.016333943748519125,0,9.831615158824999,4.285320662503135
biwa1243,yuat1252,-3.475021519052701,0.019322620074587318,0,-2.96666257001875,4.7085042729030295
bola1250,aust1307,2.057735575200141,0.013755222770493073,0,5.2843765686249995,3.65851233395915
boly1239,aust1305,3.6546910064279574,0.016458993632846447,0,9.76096189345,4.305246859002845
boro1277,gong1255,-3.7880856578680016,0.01821218450085908,0,-4.741253376225,4.654114327238435
boro1282,boro1281,-2.05019999117328,0.010175231546138612,0,-2.01736579982925,4.2826608804179145
boto1242,aust1307,4.712412236406189,0.020784131676790052,0,6.40196156426925,3.6886933265361304
boun1243,atla1278,1.1548088226791258,0.029760691501933674,0,5.804129506975,3.812147879698585
bret1244,indo1319,3.659227784458897,0.015914176295807974,0,4.257727662224999,3.8735692065546
budu1265,afro1255,1.7022899284040038,0.013786705742596089,0,4.5652559970745,3.71691785683786
buga1247,aust1305,3.9001600562327896,0.010677229260273898,0,9.7604762434,4.30395763913016
buga1250,aust1307,2.2570769868302283,0.026150641610909565,0,5.34922521967175,3.644929585987425
bugi1244,aust1307,1.99142745937956,0.028529160409692826,0,5.34527521095325,3.597942495231395
bujh1238,sino1245,-5.682020566449607,0.021846819574753196,0,-3.6033865082275,3.822429616893725
bull1247,atla1278,-0.193651452924863,0.01148433775282042,0,3.7089890359949997,3.786014203491325
bulo1242,aust1305,6.609464270525301,0.021335503066439797,0,9.621237104950001,4.34172652120375
bumt1240,sino1245,-4.537295112259798,0.024269407410318383,0,-2.9999423061947503,3.6397041285286003
buna1276,aust1307,-0.19158380287614146,0.0135077458018357,0,1.7666845167475,3.6165287392196452
gahr1239,sino1245,-4.408339493095766,0.01753895560194335,0,-3.315845061869915,3.725004101868125
bund1253,indo1319,-2.774396232241381,0.014739004762142852,0,-3.1214929470454997,3.78776637879234
buol1237,aust1307,2.420042626415588,0.006986998914878701,0,3.7940059372175003,3.56013204540528
bure1242,afro1255,1.0840186908025866,0.020286266254723302,0,4.7011622226045,3.783584821197465
burj1242,afro1255,-2.3533058913341156,0.01929661546404701,0,-3.6792125996875,3.9297132839066498
nucl1310,sino1245,-0.96488258448218,0.010622734823607094,0,-5.2733139298000005,3.7737884154224
busa1253,mand1469,-1.6172060109946487,0.012229245714984002,0,-5.9618495851025,5.45653841878135
bush1247,atla1278,4.60715813364151,0.017457973200086713,0,7.50999277635,4.1082786539666
buwa1243,afro1255,1.6483177833878964,0.017350041718557023,0,4.866171794485,3.8119533382926
bwai1242,aust1307,-1.3965007423218117,0.021217214310913834,0,2.24157284626575,3.61852158532131
bwat1240,aust1307,4.103946150928822,0.01048704895961473,0,6.44937773755,3.70626271379219
byan1241,sino1245,-4.2429227137779035,0.0205950280380666,0,-3.43312105599975,3.703277303516295
caac1237,aust1307,4.101771924884435,0.020297252348302125,0,6.46702554276,3.72269569223311
cahu1264,utoa1244,-0.676102942485737,0.028395651995674048,0,-1.3163584874125,3.5263655114718597
cakf1236,afro1255,1.8400164626295132,0.022351149319985178,0,4.578209710781749,3.822309755783225
caml1239,sino1245,-5.465723726964047,0.01912016724526602,0,-3.5418091100883,3.830254510535185
camp1261,indo1319,3.59084476571335,0.014109494473725202,0,4.925063244875475,3.75672012752692
cane1242,nucl1710,-2.217810300852136,0.016435360026268466,0,-1.36093459986025,3.7840752034332796
caom1238,taik1256,3.3800697073516592,0.020603371850041,0,5.6766629125,4.261931501438605
capa1241,pano1259,-3.22428711864525,0.02031441205709768,0,-4.2669387256019995,3.96490574816396
carn1240,aust1305,5.286591793290753,0.023424915579137322,0,9.521387121185,4.40996964220719
caro1242,aust1307,4.3987338787363495,0.021232372166184708,0,6.4123981444350004,3.641210910256455
cash1251,pano1259,-3.6166804238955392,0.020230873674988683,0,-4.059215795855,4.0357251485684795
casi1235,aust1307,5.8274309824680905,0.019744699769675914,0,6.4359511212675,3.695003498140095
stan1289,indo1319,3.691627347600982,0.01761681337409881,0,5.116993136005,3.7182155168367697
cemu1238,aust1307,3.014842298724791,0.017158138694652752,0,6.482513330719501,3.68094740993301
cent2127,eski1264,0.6117674578698999,0.007830202551111652,0,0.560797365485,3.9154571112614454
cent2292,aust1307,5.945783687970347,0.01831844957672867,0,6.47533423894,3.691161854283805
cent2084,aust1307,4.755830803611026,0.0188180576249325,0,6.54507436083,3.67546920155604
cent2314,aust1305,5.956153045323712,0.018464833199470405,0,9.6840436882,4.332834016074219
cent1992,aust1305,6.666623283103877,0.02840979094761019,0,9.6105629446,4.34966606534212
cent2140,miwo1274,-3.027611548228972,0.009168689466694769,0,-2.6752272498075,4.368239821564925
cent2131,utoa1244,0.1992129476270172,0.029600862407006927,0,-0.8074138969275,3.595637661847845
chak1270,sino1245,-2.325260806732249,0.008403050049592083,0,-3.3941514214625,3.601237174853225
chak1271,atla1278,1.689198975646009,0.0245672574844565,0,6.1368983966125,3.855953287125865
cham1315,zamu1243,2.234340697751053,0.011815329867533714,0,1.5161110615285,4.33748701575563
cham1312,aust1307,4.469635387471335,0.0175287502271839,0,5.994255766835,3.792472755156685
chan1313,sino1245,-3.1637645643243157,0.01594380689927526,0,-3.2343001338,3.64474628158
char1269,gong1255,-4.073184371913598,0.021246971073733797,0,-4.771421242625,4.738898336642425
chas1234,sino1245,-3.4696639608835245,0.026204535924168153,0,-5.1849323852325,3.787255782342215
chek1238,aust1307,2.9858044577021916,0.018749243853217426,0,5.4001712248525,3.601561090616045
chen1255,drav1251,-3.093178688073379,0.018061483417540068,0,-3.718677253506,3.973138166197375
chep1245,sino1245,-5.6966558280548,0.01398435527890056,0,-3.6042835844964998,3.834831019812075
cher1273,iroq1247,-3.182395620228468,0.019272100899046494,0,-3.93203566731025,4.316182718022475
chey1247,algi1248,-0.0084882131015677,0.014317479714879112,0,0.18351493951499998,3.55028749889373
chic1270,musk1252,-3.2215496205573197,0.013627503334610196,0,-3.51944184848425,4.108275582015706
chil1280,atha1245,-2.8939597525856016,0.007624609521026302,0,-4.61509303321975,4.061137666301494
chip1261,atha1245,-4.238735257142622,0.016300624888370734,0,-4.64608122624775,4.052954110233674
chip1241,algi1248,1.1396992600233227,0.01775120397179117,0,0.71033263001495,3.57045357865893
choc1276,musk1252,-3.1320243234683307,0.015737406013584993,0,-3.5097494976525,4.0974396221648846
chon1284,aust1305,5.999130544290566,0.020526531907802226,0,9.679213671974999,4.332343938635246
chot1239,sino1245,-3.368434415874016,0.01496342842364551,0,-4.2106472230225,3.7948673559593047
chuk1273,chuk1271,-2.7341108255557685,0.012047585350059977,0,-5.4058042029975,5.599749204011535
chuv1255,turk1311,-3.686630097655577,0.021500434361003014,0,-5.6684476119325,4.272652917044595
chuw1238,atla1278,3.398109201225599,0.01148463932307825,0,8.064643212970001,4.00690488512978
cici1237,atla1278,2.5895456840589715,0.021454284773392923,0,6.3667029712275,3.954346698825955
coat1243,otom1299,3.6995393010944646,0.020361245036491886,0,5.0952931677799995,4.2258377231393105
coca1259,tupi1275,-0.46345918052309776,0.009496444276321589,0,-1.19410031418095,3.58955068916748
coeu1236,sali1255,2.3396753257310925,0.01283867411143167,0,4.197553045125,3.875969756054115
colu1241,sali1255,2.578424579023027,0.018699153782790606,0,4.1821569722425,3.8831277620800604
coma1245,utoa1244,-1.738641719908522,0.01296175795989605,0,-1.987243344527,3.633129400340625
como1259,sali1255,3.9620929577022155,0.024019467364394073,0,4.03756628944275,3.934744497606065
cosa1234,sino1245,-2.327624933366608,0.02033159449236213,0,-5.36407017473075,3.7803840192271903
cota1241,aust1307,3.4703593524312124,0.015294615755182064,0,5.98748384687,3.6469225241452703
cree1270,musk1252,-3.0320498924704453,0.00748097981888818,0,-3.435104301984925,4.1271500690362
crim1257,turk1311,-3.1365510775607177,0.02214162386578673,0,-5.8616513190675,4.210777851987895
crow1244,siou1252,-3.3474875730687437,0.013814498695985347,0,-3.0129705623514997,4.372838300833785
cube1242,tuca1253,-0.36112824392863485,0.018813492050279476,0,0.566688780256,3.750112924751655
culi1244,araw1282,-2.2481170106232176,0.01616422966637383,0,-2.50997109225775,4.086319729379721
czec1258,indo1319,2.406541172528411,0.019835168766445574,0,2.6630202673855,3.525902121215235
daai1236,sino1245,-1.9674528243581342,0.027304557730384763,0,-4.276176535645,3.758965751823995
daas1238,afro1255,-1.6796987310935554,0.010284237166234627,0,-3.76236565646775,3.959270002475625
dadi1250,tebe1251,-3.9008823648152284,0.02003717399059643,0,-3.25174097665025,4.779591240799325
dagb1246,atla1278,2.105539157806551,0.022596811364781127,0,6.1395353186475,3.82062968764406
daka1243,aust1307,4.511792144893647,0.020619940900453538,0,6.17529831487,3.6709487803304
damp1237,aust1307,2.060439059223332,0.01739742957451777,0,6.689483398395,3.67993269574729
dana1252,aust1305,5.230078526175715,0.0231600848741868,0,9.825238222385,4.30803344761824
dani1285,indo1319,2.716678384245052,0.012428713910243276,0,4.579040914275,3.75464563578882
daza1242,saha1256,-1.5346749611112407,0.01195186273576742,0,-4.313559010058625,5.613420438807425
dege1246,atla1278,3.0700807185833536,0.026361695256912315,0,6.09934930298,3.95016070181153
desa1247,tuca1253,-0.8854757818077079,0.02886632504405024,0,0.09192816334000001,3.7736335466137847
dhao1237,aust1307,4.124475910607887,0.008448458422467426,0,6.379289990545001,3.768969660529355
dhim1246,sino1245,-5.096296527309583,0.020544245503152272,0,-2.2909150301250003,3.6670025703142146
digo1243,atla1278,2.953429801663935,0.023586275527389785,0,8.08480957583825,4.006684007868429
dima1251,sino1245,-3.788978388301338,0.01616642960209855,0,-3.0542236339625,3.66661042612825
djee1236,mani1293,-2.7255703234056843,0.01515331172427984,0,-4.21243050255,4.627051189374566
dobe1238,aust1307,1.8417678773488282,0.019912963449294784,0,6.4496493452625,3.7289922462056753
dobu1241,aust1307,-1.2364395182114263,0.02584086314919498,0,2.0081045286345,3.619587153077915
doro1266,manu1261,-4.8841553774118776,0.037892255127387114,0,-3.0014636313035,4.908495212394644
drun1238,sino1245,-3.612358641236794,0.01871057120089302,0,-2.7600717721475,3.7157838426566148
dual1243,atla1278,3.087352428839019,0.027315871344530302,0,7.6173717863874995,4.07941665408859
chug1252,sino1245,-4.1958820666785,0.031275487026030446,0,-2.00157620994875,3.744524011931785
dumi1241,sino1245,-5.460666550185713,0.019021399545396493,0,-3.7211820427525,3.818546831924105
dutc1256,indo1319,3.3635077867262435,0.013455698113140808,0,4.476122299175,3.8051584525225897
dyul1238,mand1469,-5.157461099233532,0.05287722226010725,0,-5.7383489875,5.567909438964115
dzao1238,hmon1336,4.602505873928303,0.020245423839340585,0,7.189813616475,4.16295190509441
dzon1239,sino1245,-4.822092567621954,0.014200706892525021,0,-2.6194237511100003,3.506409084036115
east2443,aust1307,4.729925911431245,0.020830394556383997,0,6.338712315695,3.69217354022939
nucl1235,indo1319,-2.630306889385328,0.02126711805610905,0,0.0378312533725,3.953209309306695
east2555,tupi1275,-1.6136845567362488,0.016591589462040406,0,-2.2918800201850003,3.710207652431925
east2332,aust1305,5.127052262884375,0.028619305146232663,0,9.728195950505,4.329136270640095
east2690,afro1255,0.6358176887987341,0.011118973776607663,0,0.19589317689,3.802830451280255
east2328,ural1272,-0.8608867272369651,0.01805387725219627,0,0.07533132632924999,3.695230892954545
east2773,sino1245,-5.573944703898897,0.017657525959449465,0,-3.61192180508625,3.83082466290959
panj1256,indo1319,-1.8780527286627386,0.03131819777209916,0,-2.52476527867125,3.7268237309224004
fina1242,aust1307,4.807759858240101,0.02518796261687956,0,6.486281453875,3.6893618415581804
east2447,aust1307,3.856683422888095,0.019509924716298244,0,7.1211333389,3.62355970566635
east2516,nucl1709,-4.452548115990211,0.020964028062470882,0,-3.85427335375,4.020414480288175
wall1257,aust1307,3.879557321125728,0.02260726355752695,0,7.1369605579475,3.60278750749516
egaa1242,atla1278,0.39203635250463464,0.018757891335393666,0,2.58427965376975,3.8272801213730947
eipo1242,nucl1709,-3.337121580104543,0.033207379339604805,0,-3.81853969586325,3.9909680448943403
ekar1243,nucl1709,-1.9142378473701296,0.042370987711682365,0,-3.9911492625625,3.931093192297745
elna1235,utoa1244,1.0270265015239382,0.03156887071635829,0,0.3671977635905,3.5943196365460297
emai1241,atla1278,3.1501419047242765,0.016577153302101067,0,6.2479580954525,3.9269512226677348
stan1293,indo1319,3.453692419859125,0.01432169366599441,0,4.511290181122501,3.795282467197135
enuu1235,sino1245,-2.7448560487083347,0.020453420249976876,0,-5.4537236007625,3.758205463639195
ersu1241,sino1245,-3.3798439845106127,0.012447047706655816,0,-4.742989156805,3.859728218703385
erzy1239,ural1272,0.4451032930869978,0.017379283093471518,0,2.42368451965375,3.56778974609468
esto1258,ural1272,2.012232583869875,0.01681324816866152,0,2.5024154840575,3.497332942904655
even1260,tung1282,-4.136163211343781,0.016940599358991823,0,-8.2520348695625,5.7434021068219
even1259,tung1282,-4.572189671055917,0.024276894696969174,0,-8.272375054855,5.769807183377915
fala1243,sino1245,-2.5899307257488307,0.018744867239944507,0,-4.29708306524625,3.7673869842643
fare1241,atla1278,3.2722555550925567,0.021496267819249605,0,6.1066038961875,3.8547879568101
faro1244,indo1319,2.3327556202013975,0.010645227988009244,0,4.6357971966275,3.74251791723265
fiji1243,aust1307,4.757155361192868,0.01798076891377717,0,6.8757683231425,3.646776529486745
fili1244,aust1307,4.280625335061245,0.025074126439018178,0,6.120326530575349,3.620677741380395
finn1318,ural1272,1.5144869444271012,0.01837455733287263,0,2.6872402072400003,3.480713621341105
fonn1241,atla1278,3.2176826500686984,0.023111805962333927,0,5.27235130884,3.992986522930045
fore1265,ural1272,-2.6455254665493526,0.013565044491827409,0,-2.497198224945,3.8781768696797148
stan1290,indo1319,3.708760122389707,0.014440083334422276,0,5.1065498814825006,3.71173959225715
fuln1247,fuln1247,-2.8542172604773635,0.011080367270844214,1,-1.8914900515225002,4.3871180363373
furr1244,fura1235,-1.3765088217719388,0.013542201928439152,0,-4.58688790525425,5.40684085997351
futu1245,aust1307,3.129484214410321,0.015237005684074604,0,7.09021813122,3.63900827067547
fuyu1242,fuyu1242,-4.242730857630633,0.0330387257495481,1,-3.53958310779,4.721224352820245
gada1258,aust1307,4.787759044036075,0.01317152755556589,0,6.523607857125,3.66469628432523
gaga1249,turk1311,-2.542815156307846,0.011824272542594936,0,-5.92568162799625,4.169527538043996
gali1262,cari1283,-1.0444468335130788,0.017301213671796604,0,-0.6097552292391399,3.680888631010815
gali1258,indo1319,3.395389688871279,0.015886067460625024,0,5.1353604467525,3.70204053058758
galo1242,sino1245,-3.6733856156516387,0.019543495681128478,0,-3.0228170176124998,3.63988760657457
gamo1243,gong1255,-4.341931930828054,0.02341382881574745,0,-4.717443082035,4.768400989005765
gang1266,sino1245,-3.4212916937053004,0.016831293720062417,0,-4.1586295310175,3.805861881170485
gant1244,nucl1709,-4.113243810252447,0.042854476539791464,0,-3.8497410548930002,4.53621184618844
gapa1238,aust1307,-0.5274328295778736,0.015547287805596883,0,1.96649124609,3.595932219727845
boht1238,afro1255,-1.811575933699876,0.01746309192634624,0,-2.580445626997,3.84102790264002
gayo1244,aust1307,4.429832447569757,0.016932068803520738,0,6.226294847755,3.7382643624062553
geba1237,sino1245,0.07264092266255426,0.01383710878150035,0,-0.2351953117785,3.615039100083155
gebe1237,aust1307,3.1847329634555406,0.01913797150372025,0,6.1169730923125,3.75934986977257
geda1237,aust1307,-0.3245962523973467,0.022561642213073135,0,3.3015508977000003,3.5420624284791797
gela1263,aust1307,3.0866763543221105,0.022325656468611548,0,6.484129778605,3.673140787091765
nucl1302,kart1248,-2.921943040105265,0.013967041771588213,0,-4.151910835534,4.801093822558444
ghan1242,aust1307,2.012094658170305,0.013784946428807811,0,5.396092676225,3.626920774598295
gheg1238,indo1319,2.5044459909516537,0.02002575708719083,0,2.4742831178899998,3.9283480807125546
gilb1244,aust1307,4.702051330865318,0.016851485920668416,0,6.26197415905,3.702435037705075
gogo1265,suki1244,-3.344138109370492,0.02278179608561043,0,-3.5532683901024997,4.531359528563986
gola1255,atla1278,0.3452178526442444,0.013864072506223788,0,4.9817280002875,3.877857693108485
guat1253,guat1253,1.4997782230508818,0.0067168736991189155,1,2.431616474275,4.2072680843556345
gube1234,atla1278,2.4319568058318417,0.020741119214647427,0,5.38772410377425,4.11474408791256
gude1246,afro1255,1.5458630355561822,0.016231030257835805,0,4.8813755431225,3.819649182799155
guhu1244,nucl1709,-4.005597744862744,0.03444145717141303,0,-3.862045067821,3.9922716096112847
guiq1238,sino1245,-2.266626700876232,0.018010903768481815,0,-4.8402101866175,3.81713706352576
guma1254,aust1307,-1.0142252754864445,0.01622899969706439,0,2.165482452458,3.5938900686381547
guny1241,pama1250,-0.5289550293707591,0.024809304580847024,0,0.5853355589125,3.89553018924307
guru1271,afro1255,1.046404882339854,0.03219897784554192,0,4.1104814733685,3.768315772712765
gusi1247,atla1278,3.830537979753543,0.02568319523489077,0,7.977664412025,4.044822197761915
kwam1249,koma1264,1.2520725184499986,0.014157469624090986,0,3.53532223607,4.826108141320315
gyel1242,atla1278,3.2663608588289046,0.024399318740563215,0,7.6637622111375,4.0608574680221
haaa1252,atla1278,4.593034419249129,0.02215455475131248,0,8.013658897300001,4.035943469354875
hadi1240,afro1255,-2.5586773337819575,0.01557610327155684,0,-3.6894607231850003,3.939187737092265
haka1240,sino1245,-3.0356277625128314,0.019619564392516033,0,-4.279136205757499,3.78647675853085
hala1252,aust1305,5.628189827244515,0.016989921504093144,0,9.61699343935,4.355248305743805
halh1238,mong1349,-2.3824592332330115,0.012567721616480503,0,-7.6594197297425,5.95546816975759
hali1244,aust1307,2.7786253087970207,0.007190171377561901,0,4.951039128989001,3.62196017933989
halk1245,sali1255,2.827393485253983,0.010485130055363823,0,4.062167045592,3.936551174516975
hame1242,sout2845,-3.1620909691777523,0.024019101016713076,0,-3.2527471533399996,5.610784687569695
hang1263,nduu1242,-3.4926348450438574,0.0455604846610716,0,-3.540578422985,4.54141213553914
hani1248,sino1245,-2.453114480752923,0.015470528999186207,0,-5.4231991828199995,3.767115228695315
hano1246,aust1307,4.677069229381667,0.013419639830952762,0,6.3148484162077505,3.716380276103385
haro1237,aust1307,3.922216736303593,0.02087805618384184,0,6.702762468055,3.653347216294145
haru1245,piaw1238,-3.708566631358603,0.02323545732030158,0,-2.82478199021425,4.816538677807185
sabu1255,aust1307,4.085046848515033,0.01293099594937134,0,6.3720948608245,3.77559083231233
here1253,atla1278,4.085839551060927,0.023586754642382246,0,7.6624825148625,4.04611122380139
high1276,mixe1284,3.5842490872216857,0.011524887754809086,0,1.6981115447247501,4.203938858357185
karb1241,sino1245,-3.8536232752762634,0.015330300067687404,0,-2.8102323201725,3.732350555694675
hind1269,indo1319,-2.6733326052384956,0.016431878350419975,0,-3.1433991714625,3.786952454111165
hixk1239,cari1283,0.5653759379014918,0.011054930645854185,0,1.0250292078949998,3.78259248228453
hoav1238,aust1307,3.5325419045119255,0.017433068414893116,0,5.355779220236,3.642059616350225
ainu1240,ainu1252,-2.6600564793866166,0.010841015595227996,0,-5.839377590707075,5.930270002894289
honi1244,sino1245,-2.8137532588815644,0.017564634747673072,0,-5.4372129520075,3.762081353853675
hopi1249,utoa1244,-2.2985246350934396,0.01191395561887745,0,-1.487395769272,3.6068933313969
hote1245,aust1307,0.7274000819620363,0.018229654271961906,0,5.5829693079175,3.56749890461533
huuu1240,aust1305,3.264620825087249,0.014074658752875602,0,9.8257548164,4.294250405616105
hual1241,quec1387,-2.5088379716066034,0.012676449028717023,0,-3.02270599554,4.111854135100975
huam1247,jiva1245,-2.5966838909487193,0.01277823705835518,0,-2.8000739789875,4.092097161719154
huar1255,utoa1244,-0.4116243894515669,0.032290150112364704,0,0.78777970288025,3.6002337236311153
huas1242,maya1287,3.714326222022636,0.026208473508030638,0,3.670773789939,4.33052396390148
huic1243,utoa1244,0.7141376027733612,0.02379635647454525,0,-0.57600258111975,3.5887125573357297
hula1244,afro1255,-2.3550786951613065,0.01663652422797311,0,-2.60965894494205,3.837125655654405
huli1244,nucl1709,-4.393479315696621,0.01051782092287015,0,-3.853530273139,4.027358538403785
hung1275,aust1305,4.732734506135775,0.015692457289435798,0,9.551743982200001,4.354936811293655
hung1274,ural1272,0.6215516882135041,0.011936892428470552,0,-0.73946339654175,3.7224611797750002
iaai1238,aust1307,4.158972184900344,0.01634766902006356,0,6.3369727094999995,3.72470656250173
iatm1242,nduu1242,-3.8054706408872256,0.03151996546079339,0,-3.501337580613,4.58964646798455
ibal1244,aust1307,4.79593767991427,0.02180878935919829,0,6.4690638617525,3.6982213965477246
iban1267,aust1307,4.749547633785976,0.01777668252032052,0,6.53343931915,3.66836936327114
ibat1238,aust1307,4.743400145306346,0.025908253759577678,0,6.4665739614775,3.6782218051899047
icel1247,indo1319,2.0404869770310596,0.012678070802487262,0,4.6493730423725,3.741137229043775
idii1243,paho1240,-4.372798949048884,0.028136891125490174,0,-3.7138899197699997,4.629096301000805
idom1241,atla1278,2.6068160971777674,0.027895312602594428,0,3.58887292699825,3.7960453744334
nucl1417,atla1278,3.084083028393257,0.04014304590949735,0,6.109346089900001,3.983546245891275
iliu1237,aust1307,4.069933394651962,0.018229039022830854,0,6.4317374393775,3.744866922149625
imba1240,quec1387,-2.7874170619639407,0.012218719281168657,0,-3.0965835393025003,4.07943734775381
ingr1248,ural1272,2.250425240146357,0.01563081058052807,0,2.84053113381875,3.45536677238045
irar1238,aust1307,3.9496499279696726,0.01832768781807622,0,5.887852945497,3.799948371819945
iris1253,indo1319,3.285558233509056,0.01750126349102576,0,4.037473097755,3.896192906273275
isco1239,pano1259,-3.4402878836579727,0.017723979451076368,0,-4.1691630503159995,3.98870360170956
isin1239,aust1307,4.768018484324597,0.01940288550717351,0,6.4640377688075,3.68967593139605
isth1240,utoa1244,2.9021907133697837,0.021092048414804197,0,0.689294839265,3.649336232635285
ital1282,indo1319,3.295195095554851,0.015775121432321015,0,5.026742841167501,3.7385279424528246
iton1250,iton1250,1.7964530690335188,0.010973893468411686,1,2.492501119016,4.215598861623334
itza1241,maya1287,3.914911738126527,0.011765714089738298,0,4.5857327671425,4.190676255546235
iwal1237,aust1307,0.6175643564758969,0.020560096514021235,0,5.6207509758675,3.57575739674296
iyoo1238,nucl1709,-3.3017642577792587,0.03596232445258493,0,-2.908776590889,3.856371538827145
jalk1242,mand1469,-4.246942422659698,0.05112858269502213,0,-5.7514530838599995,5.586723037884575
jamb1236,aust1307,4.537484371301005,0.021918389302033978,0,6.725275310385,3.672310824626885
djam1255,mirn1241,-2.6234390708897823,0.025279077950066575,0,-4.37612610892875,4.53749729327556
nucl1643,japo1237,-4.019712278444315,0.019165301469368293,0,-2.239558093605,4.20632933352847
japh1234,sino1245,-2.7974192094787873,0.02001649121540338,0,-4.701987787715,3.85305332866998
jara1266,aust1307,3.7797447707209724,0.020649718653309588,0,6.675565952135,3.6611239009860297
jina1244,afro1255,3.0591713823081794,0.01788748832319153,0,4.4864847790665,3.761155030854815
djin1251,mirn1241,-3.2092642893026637,0.025905512292890655,0,-4.4046248345125,4.52629952598172
juku1254,atla1278,2.777170336950364,0.03342682529093998,0,6.1312782303825,3.93589664119827
kaba1278,abkh1242,-2.8340065273972064,0.012745237959075577,0,-4.102692448965,4.585935069339615
kach1284,gong1255,-4.536433221007634,0.028886475895763073,0,-4.7708619338375,4.711739282730505
cent2100,aust1307,3.6869388035752397,0.011693895378864035,0,6.34210331707,3.72522288422137
kado1242,sino1245,-2.214806380279035,0.015769998911938084,0,-3.3593789324275,3.60962593365638
kagu1239,atla1278,3.4791832806741443,0.023663467922757628,0,8.0720894219,4.02590635853606
kaik1246,sino1245,-5.560874514589873,0.01755053003355019,0,-3.21346940216925,3.704195354130105
cacu1241,kaku1242,-1.974808611476797,0.009938995645942916,0,-2.0735997835475,4.2992815414262004
kala1399,eski1264,-1.985200312372102,0.010491951933475106,0,-1.23215518447925,3.98971810435092
kala1388,aust1307,4.67383093846645,0.015230457461050876,0,6.1402750457375,3.6243401473538848
kamm1249,atla1278,4.505796683801842,0.0304545004608458,0,5.163012575805,3.95686514871937
kamb1299,aust1307,2.7981294759877686,0.021237260652579873,0,6.41308739475,3.740221860650795
kani1286,nucl1709,-3.730646762796588,0.039329736498532906,0,-3.7559215032165003,4.04896922260677
kank1243,aust1307,5.945547069677363,0.02246626731834788,0,6.47389059008525,3.688693871985855
nucl1305,drav1251,-2.538033578990458,0.030005335179000753,0,-2.66702154016175,3.7288613255158802
kaqc1270,maya1287,3.955083065722169,0.015240167777434074,0,4.368128510568,4.25061160682632
kara1500,nucl1710,-1.5242967649568855,0.015525130146900948,0,-1.9274810893872498,4.061269889089555
kara1486,aust1307,4.234006738980493,0.021513590222083455,0,5.141300335485,3.7085266949201348
kare1335,ural1272,1.5576280742153008,0.016179288596369697,0,2.8226483466439998,3.4516399774493953
kari1311,tupi1275,-0.0720168245779986,0.013211505614759634,0,-0.38798559207600003,3.6829960094104353
karn1252,aust1307,1.7420548596479568,0.024332168301075572,0,4.7685763206425005,3.569715738883465
karo1304,karo1304,-2.6082498526542146,0.009743018458013097,1,-2.7270325315325,4.439454438346255
kash1277,indo1319,-0.13458017342328735,0.012867553297779858,0,-1.1777182488875,3.6282523906044046
newa1246,sino1245,-5.659377931285087,0.01871871779681813,0,-3.601878659915,3.82813218112513
kats1235,sino1245,-3.046100339558282,0.016877892070684023,0,-5.2473671863675,3.794763607824045
kana1291,katu1274,1.7675663746531165,0.006884761157436563,0,2.569453534915,4.173635137706965
kava1241,aust1307,4.597163945295723,0.020265967620323882,0,6.11547629058785,3.97913376962028
kaya1315,sino1245,0.032849065526231847,0.02011171130283587,0,-0.0792862566805,3.57369772328493
keap1239,aust1307,-2.1942304160838138,0.015404255870247048,0,2.2243573867590003,3.504876424783175
kele1258,aust1307,2.3921247771581253,0.016623538144951513,0,6.19786878283,3.6929260324250004
kele1259,aust1307,5.9226497783298155,0.006862352497303048,0,6.4386460136325,3.694684631516275
keme1240,atla1278,3.8892024851167797,0.03286083206007501,0,7.1018449383,4.238508503870065
kenu1236,nubi1251,-2.3230746083466434,0.017009184662930936,0,-4.46817192471009,5.5819130678627396
keoo1238,aust1307,2.638729678091144,0.018913396624438222,0,6.416854845725,3.75954544065265
kera1255,afro1255,3.040049035904308,0.021462677076170594,0,4.3999562666925,3.94090901528703
kesa1244,nucl1709,-3.7569119870666317,0.044242191678940675,0,-3.843492237895,4.550396079163845
kett1243,yeni1252,-2.913504174832039,0.01524257273958481,0,-6.99946475762425,6.032121510411745
khal1275,sino1245,-5.308916044187312,0.013302572767560545,0,-3.7206725008,3.797488862704145
kham1282,sino1245,-3.9506596944481576,0.014770451830894628,0,-2.651665159635,3.4842296178642247
khan1278,atla1278,3.0815965298937185,0.01594058025532577,0,6.1789003988575,4.052398583411785
khan1274,aust1305,3.8911753780682536,0.018448340400321842,0,9.832446862265002,4.287031350487795
khas1269,aust1305,2.7725153448257847,0.016007348244167,0,9.803181778125,4.33656983401245
khez1235,sino1245,-3.4469377421509373,0.014656718558775442,0,-2.457308843565,3.699794369712965
khmu1256,aust1305,3.897760769094566,0.00741779343928143,0,9.7314779399,4.317419155030144
guan1266,sino1245,-2.9963876201069377,0.02284428857395394,0,-4.7112574902425,3.83786995354984
kich1262,maya1287,3.9903105053335746,0.00921669032474363,0,4.366471799655249,4.232680897298625
kile1243,tung1282,-3.331290127402453,0.014192729818262566,0,-8.271931293565,5.700549738065424
kili1267,aust1307,-0.0767325488315065,0.0190098843352562,0,3.45577770834975,3.4152239470589754
kimm1245,hmon1336,2.3431936924697654,0.016179030893900374,0,7.1969048230325,4.15751219264722
kiow1266,kiow1265,-2.4883816898589224,0.009385901725055351,0,-2.63530266501,4.327944565262255
miju1243,sino1245,-3.5781141796124327,0.02259333220001563,0,-2.4639330047725,3.657433715624135
koda1255,drav1251,-2.088457177095539,0.016919404586723003,0,-3.495551223395,3.85575101134907
koho1244,aust1305,5.751934714506273,0.018530669625259816,0,9.625201654375001,4.36800436127578
koir1240,sino1245,-2.4951780073953658,0.020127259062246834,0,-4.2305340811675,3.798929798710795
koka1244,pama1250,-1.8770035007318606,0.02694537873592965,0,-1.67885575743,3.90123898806227
koko1269,aust1307,2.8779829103545262,0.01794130434681552,0,5.3833881554842495,3.60613216104211
kola1285,aust1307,2.011343364958888,0.0203540609357451,0,6.4323637826725,3.7484998634682203
kolb1240,atla1278,4.899291092164935,0.02940892464945635,0,5.7118872467525,3.997436398707635
kolc1235,atla1278,3.884919549828849,0.020811616880929557,0,7.65773177901225,4.05141742114223
komb1274,nucl1709,-3.6856045830786988,0.03380341321456482,0,-3.896346777324,3.9459100738216497
komc1235,atla1278,3.6758544999641227,0.0199116372951556,0,7.1094141161549995,4.270694585263465
komi1269,ural1272,0.6000492223109323,0.012127457290490062,0,1.6769501111325,3.6596957454925496
komi1268,ural1272,0.874563831658177,0.015343767033229806,0,1.6520165164925,3.67806456225475
kona1242,east2433,-3.7869001691880064,0.04396310893909526,0,-3.3344163643825,4.726865484272855
konk1267,indo1319,-3.043474769235143,0.009676175748260464,0,-3.1088505234675,3.74960304266934
koon1245,atla1278,2.8439879511657216,0.017680673307592598,0,7.70432949529725,4.02833433219995
koor1239,gong1255,-4.459256302114718,0.022599770565830117,0,-4.7707273054491495,4.75158376788572
kore1280,kore1284,-1.815005703927885,0.010846093810427265,0,-5.2580328742999995,5.503508937003145
koro1298,atla1278,2.1905344873142143,0.04651308110448259,0,6.11111667219975,3.8749069012198802
kosa1249,nucl1709,-3.0985063087054656,0.04623377692382759,0,-3.82410896659,3.977048508895815
kosr1238,aust1307,4.648852083721815,0.020962813393739708,0,6.170115780074999,3.716374937508085
ngeq1245,aust1305,5.4841125444860985,0.02077010807367116,0,9.73018043505,4.32122476274153
puoc1238,aust1305,5.136340611814006,0.024981169998019834,0,9.748203133301,4.350359370145175
kuan1247,atla1278,2.8540667526788464,0.013506195754796866,0,7.7337977437075,4.03038185660462
kuku1273,pama1250,-3.2622404697912786,0.04989974923410765,0,-2.1847821208575002,4.04407707619698
kulo1237,aust1307,4.787785985091018,0.007798200559888973,0,6.090207198530001,4.022831461967945
kulu1253,sino1245,-5.301065074766562,0.01850229467160409,0,-3.5452080803875,3.8464062227179
kuma1280,nucl1709,-4.106995746172665,0.046730711012557394,0,-3.76542687384225,4.0001429106204505
kumb1268,pama1250,-1.7021580067078816,0.024256486998753917,0,-2.7104645701925003,4.055690004939165
kunb1251,gunw1250,0.156599729190922,0.02521828355982506,0,-0.357418960870525,3.78928521667242
kuot1243,kuot1243,1.7276520122464083,0.024231223974316794,1,1.20501121261,4.31046026279785
kurr1243,pama1250,1.6057375316314633,0.028748601782655113,0,1.31045065571475,3.730912031362765
kusa1251,aust1307,3.4903200656033344,0.021139713626957473,0,5.34150187845,3.640132716366125
kusu1250,kusu1250,-4.780406397252277,0.015379247423884343,1,-4.0446156210065,5.39937686965522
kuvi1243,drav1251,-2.398593182857364,0.01609143699655921,0,-3.81911192871,3.9393924126521096
kuyy1240,aust1305,6.191561776419156,0.016816602424313203,0,9.741402633275001,4.328058618981915
kwai1243,aust1307,4.403664854174745,0.01583550872671831,0,6.4887352594875,3.6736918749107
kwam1252,aust1307,3.0747873375841133,0.0055480079300870185,0,6.5073646534475,3.668789422063825
kwar1239,aust1307,4.373079438508506,0.01598325521698505,0,6.48181525769275,3.68364920001668
kwin1241,worr1236,0.29351830447161437,0.028122638336978506,0,0.33429630481425,3.95467733553006
kwom1262,sepi1257,-3.984106031644898,0.037549186336076415,0,-4.32385863667075,4.6505846420725945
nucl1593,kwom1263,-2.9558627690636987,0.033190565500603036,0,-3.61495479854075,4.72244179268759
kxoe1243,khoe1240,-1.6017619798117153,0.009596958926768403,0,-4.844993368095,5.16604003918922
kyer1238,sino1245,-5.566597676142326,0.020262563699347976,0,-2.6251936534475,3.499529210351705
lagw1237,afro1255,3.0507288611920114,0.020452848187863474,0,4.4728126163374995,3.7683814435879697
zaye1235,sino1245,-0.12945869416145533,0.019770723750869183,0,-0.06856074194275,3.58296923197582
lahu1253,sino1245,-2.146820150482502,0.018489262139181617,0,-5.2077990495824995,3.808760125432095
lala1268,aust1307,-1.6905907573865742,0.016890377154351967,0,2.1081371903397503,3.4848363023849203
lama1277,aust1307,3.850899134020419,0.024071767556636276,0,6.538320659821499,3.72315385744347
hela1238,sino1245,-5.595876928567833,0.008628585343036529,0,-2.625337425115225,3.48924603679556
lamk1238,sino1245,-3.2779158616210085,0.01671562370222038,0,-4.1909716516875,3.793913973465875
land1256,atla1278,1.7029116096833663,0.018322303227858158,0,4.3674246403325,3.846992789842385
lash1243,sino1245,-3.450949850057772,0.024964216410171245,0,-5.18664111381,3.78281775445564
latv1249,indo1319,1.8338662150517173,0.035079288196499074,0,1.92834090818525,3.64374940991477
lega1250,atla1278,4.809333043396878,0.03300062389225778,0,7.900372258975,4.06306130193912
lele1276,afro1255,2.929660527044409,0.017711594295740492,0,4.4325344407725,3.934882031110985
lele1267,aust1307,3.7929901507404096,0.04058500485309665,0,5.1480667075325,3.5600014177403247
lele1270,aust1307,2.467291432395773,0.012229794739540561,0,6.191440230314,3.688081568545905
lemb1266,nucl1709,-4.106058107583317,0.04350151016809965,0,-3.8145888501674996,4.0092351262351
leme1238,aust1307,4.869554136566098,0.013184635775241997,0,6.391278013632499,3.680662102968705
lena1238,aust1307,4.166121074213688,0.012054608578730103,0,6.514162836865,3.68339545844034
leng1259,aust1307,3.1374063947974857,0.013562723299760958,0,6.4980116921885,3.693850519081355
lepc1244,sino1245,-5.062758059030589,0.015869064854151797,0,-3.335128673547,3.887163893369895
leti1246,aust1307,2.898498979141129,0.018927857105298367,0,6.475864930475,3.7410468149115204
lewo1242,aust1307,4.247686085494112,0.025131889337523437,0,5.485276578185,3.59385043588104
lewo1244,aust1307,2.7572736542294205,0.0137623229819315,0,6.5500788352375,3.72938481016561
lezg1247,nakh1245,-3.0611888752311396,0.011242148030292087,0,-4.596027310849999,4.83890494446976
liji1238,atla1278,2.5058185681179586,0.02344865476403531,0,6.52211844315,4.025430587219665
lill1248,sali1255,3.8760045114983583,0.021438796483171315,0,3.91993766505,3.96436687577487
limb1266,sino1245,-5.226860052401259,0.016724781599010467,0,-3.6007372265699997,3.82321354950128
lipo1242,sino1245,-3.33740150306456,0.01773719489361445,0,-5.2687067332325,3.80020682193638
lish1245,afro1255,-2.665485136106189,0.02197577725679342,0,-2.6104593907374998,3.827719549762945
lisu1250,sino1245,-3.5832584248231427,0.018905445905790824,0,-5.276332221451,3.781133143907865
lith1251,indo1319,0.9634634565403787,0.01542955418958202,0,0.955480149135,3.61246680412696
livv1243,ural1272,2.1751067384363854,0.009660045608916491,0,2.9138875608507497,3.44883770718346
loka1252,atla1278,3.0250571952772587,0.01973081485071466,0,6.2375717898725,4.062348637826635
lolo1259,sino1245,-3.3798569376030887,0.01495193104681043,0,-5.2700608520725005,3.796375221047545
lomb1257,indo1319,3.4420378261525073,0.01660453188269838,0,5.084124963905,3.72347545182247
acha1249,sino1245,-2.9254195780594614,0.025136585366959775,0,-5.1773920084645,3.792492545116035
long1395,aust1307,3.184448735199709,0.01755822718420368,0,6.48929672977,3.67712720613584
loni1238,aust1307,2.51152911850294,0.01949588170591043,0,6.1615519104975,3.69446092583035
lote1237,aust1307,2.9564745313044094,0.02615559772438265,0,4.5313417009315,3.5970397503755303
louu1245,aust1307,3.5051825021224294,0.02390046300424633,0,6.04498410202,3.71640416680462
vano1237,aust1307,4.8974059083888974,0.01808183522406198,0,6.005035610635,3.7405739466426846
luan1263,aust1307,2.8666562511827225,0.013536776731964262,0,6.474712005875,3.74360580705468
lubu1243,aust1307,4.820388254746668,0.016496130433951917,0,6.4973919247675,3.686016080084035
ludi1246,ural1272,2.13512531605911,0.012371202666285629,0,2.925596697103,3.438215734663445
lule1254,ural1272,1.1344100072335015,0.016702412783992867,0,0.59825232827775,3.3702215675001153
lumu1239,narr1279,1.1941283597304488,0.009469838075626135,0,4.11076319646625,4.68713662740791
luok1236,nilo1247,1.2670747673592655,0.013973447531760792,0,1.64093284726275,3.911771009635425
luva1239,atla1278,3.022127436471356,0.01919174154670685,0,7.7144652650125,4.0308679038856745
luya1241,atla1278,4.087022726656743,0.023988911123701072,0,7.509407311425,4.116744567960605
maan1238,aust1307,2.9340309721071303,0.019258928862817166,0,5.095070284965001,3.59504035681461
mace1250,indo1319,2.600438594677809,0.014778786898241135,0,2.71934689837825,3.553805746033015
macu1260,tuca1253,-0.8614777296918954,0.017207634190678143,0,-0.2197500681104,3.8283188745998453
madi1260,cent2225,-0.6415180182774431,0.013598111190516302,0,-0.5546154435502499,4.20762334128831
jama1261,araw1282,-1.8433090623164308,0.010895893026341755,0,-2.5256564147755,4.088203934382165
madn1237,east2374,-2.487466742253693,0.02064103395377804,0,-4.12429467612505,4.812665696824739
magd1235,otom1299,4.74329823236341,0.022007944209101654,0,4.83106472765,4.30061019219798
mail1248,mail1249,0.13577351083998934,0.014042649155974241,0,3.6907335199395,4.0692905789750355
mais1250,aust1307,-0.5794747682017862,0.013556778316783383,0,2.40883812030083,3.60872790126127
mait1250,indo1319,-2.5571686562661693,0.01806607365937931,0,-3.1488887531732503,3.762903765155015
maja1242,surm1244,2.3075862762416177,0.024389468742350737,0,5.3476905163824995,4.512107148846955
maka1304,atla1278,3.995052776622515,0.018100664537896216,0,7.662961681924999,4.0512653076527005
makc1235,taik1256,1.8828128051960156,0.010448944388469513,0,5.7345496283925,4.212764666226805
makh1264,atla1278,2.116161562998696,0.014100841893390548,0,8.096951455675,3.9969596836298598
mala1464,drav1251,-1.7482805041842417,0.013525944451471076,0,-3.4943425900925,3.8214885797547353
male1284,gong1255,-4.222288881168549,0.028198541953031425,0,-4.7298296078324995,4.76906706958129
male1297,chib1249,-1.4692882276854382,0.006912101096585903,0,-2.7852398662562496,4.252022346411975
mali1285,otom1299,4.5528221922286685,0.01898277095305195,0,4.3041001014918745,4.339752813095615
malu1245,aust1307,3.5373009321328253,0.009722884449266077,0,6.2239310812612505,3.668291525387925
sauk1252,nucl1709,-2.4666795940466044,0.04312353253365931,0,-3.1037082584944997,3.7898986584528
mama1275,aust1307,5.016384489980297,0.015809679337912996,0,6.125120572435,3.6319376955511
mamb1294,atla1278,4.040639259623276,0.035037387786485796,0,5.94329988204875,3.93013738207705
mana1295,aust1307,-0.22347837013113175,0.014026577633059766,0,3.702100755465,3.565170331846125
mana1298,nduu1242,-3.6810915922285545,0.03457833357137993,0,-3.53487926187,4.5579948910910595
mana1288,sino1245,-5.590193886864356,0.01752525120280038,0,-3.27054140183475,3.688555363635595
mand1440,aust1307,4.22594754539801,0.02425363665189755,0,5.2111540990675,3.6783719985450203
mand1415,sino1245,0.26122357727891743,0.010124183980554613,0,0.37181325916749997,3.491477820965105
mang1378,aust1305,3.560339679448531,0.02137727368270265,0,9.7743947388,4.321566519367285
rapa1245,aust1307,3.191332227032776,0.02055744703279027,0,7.150191061007501,3.6278316852533052
mang1401,aust1307,3.130202427284931,0.008407261410040789,0,7.1330456910199995,3.6102451249074248
mang1403,aust1307,2.9883923092193587,0.01748186147066648,0,4.5368690557125,3.63092152269878
mans1262,aust1307,4.653969808520883,0.028240606502344345,0,6.142850593139499,3.612935226190555
maor1246,aust1307,3.640383499296018,0.017317935254233034,0,7.11499313764,3.620912843326345
mapo1242,aust1307,0.8464133934814717,0.01450899558020122,0,5.5604142065,3.59921810917565
mapu1245,arau1255,1.6804042888070758,0.006672615233558126,0,2.7290842722885,4.32755773587089
mara1382,sino1245,-2.5039982558322063,0.017301461896175173,0,-4.23924667760725,3.77673506335754
mara1399,aust1307,3.517787791450691,0.022388644612546485,0,6.299494045595,3.648585465954835
mara1379,sino1245,-3.4892821916448984,0.0192752699273763,0,-2.8805919503600004,3.73287002114865
mara1386,west2434,-2.38233663539517,0.022007677422918738,0,-3.6072317489275,4.64455796987202
mara1378,indo1319,-2.078608285141387,0.016544876828980853,0,-3.17717612049525,3.722503410285595
marg1265,afro1255,2.677849440092377,0.02642473764988827,0,4.4933519214525,3.810034426222665
mari1440,coch1271,-2.9186724379366895,0.014473274110543348,0,-2.2146085586767503,4.37387933936206
nucl1622,anim1240,-3.716873194607281,0.03287902685117039,0,-3.2060894548125,4.543257598015661
mari1416,sino1245,-3.388036787426529,0.018238207272141038,0,-2.85004138061,3.7324129181467
mars1254,aust1307,4.474606060903694,0.017858443627851512,0,6.290709905377501,3.659186015634135
mart1255,pama1250,2.856900132918568,0.04094895320336037,0,0.9630541751475,3.770621479554815
maru1249,sino1245,-3.295163795196902,0.024377816037943773,0,-5.17801177683,3.811617468579985
masa1322,afro1255,1.8666034614188711,0.010359146639541985,0,4.487418424327499,3.869164230875985
mask1242,aust1307,4.442673819068498,0.025365439774091173,0,6.238102298715001,3.66348375780674
kemb1249,aust1307,3.6435989329147076,0.015016992676793165,0,6.3587807581,3.72644063614893
mati1250,aust1307,4.823058149268311,0.023298992397846056,0,5.9753446689650005,3.63390647422188
mato1252,aust1307,2.3249145923828003,0.009827177966652114,0,4.144180801342,3.58507295190128
mats1244,pano1259,-2.9752899281294294,0.022023459660256445,0,-4.02196193586,4.07456993598805
matu1261,aust1307,-0.27069123828033864,0.0235459773755411,0,3.3142254157749997,3.53924896532554
matu1259,atla1278,3.3333500193672574,0.018072374651383918,0,8.02328657815,4.03771580891409
maun1240,iwai1246,-1.9209027075402616,0.017942344879493373,0,-4.6496193302824995,4.447103507515335
maib1239,mayb1237,1.902746323416564,0.0163000278444719,0,0.6598568882742499,4.305849289275455
mayo1261,atla1278,4.674741407203049,0.027265097896782185,0,5.9533683449425,3.935502280199575
mbol1247,atla1278,3.6700475603277942,0.02378686744133207,0,7.614576481615,4.06665142527054
mbul1263,aust1307,2.898293799425578,0.01312936279866289,0,4.5122349498575005,3.605827211653275
mehe1243,sepi1257,-2.582199683051357,0.026333749954128762,0,-4.6760051792775,4.5107542356606
saki1248,tupi1275,-1.5240147171962146,0.01280160608523186,0,-1.81022054856,3.724559533294435
meke1243,aust1307,-1.074420200662749,0.017269743097199627,0,2.1029278149410002,3.476443333099165
melp1238,nucl1709,-4.260444196415433,0.03948518491594899,0,-3.74803069978,4.00054946453046
mere1242,aust1307,3.625623961324247,0.02061429619214731,0,6.3637531569925,3.6757832491924303
meta1238,atla1278,3.3950693078751657,0.027794147684877507,0,7.1340267206775,4.26735291664961
mezo1235,otom1299,3.6271426375865694,0.0117149801722339,0,4.93198246275,4.2469269079806455
mezq1235,otom1299,4.022236658241912,0.01608026075187587,0,4.4645341671325,4.235383229248885
mich1245,utoa1244,1.6670545390747544,0.016530484750252754,0,0.99089603001,3.614360902445335
mikm1235,algi1248,-0.8174796004584228,0.008473745413191434,0,-0.74570804104175,3.670435200497335
mila1245,sino1245,-3.665499515587388,0.02234801705839337,0,-2.92673123997825,3.67868495799158
mina1276,afro1255,2.837027594028738,0.017469878226315964,0,4.7860584942374995,3.836040747005065
mini1251,aust1307,3.7647060118510796,0.02076472229726737,0,5.1239453173255,3.70038091527627
minn1241,sino1245,1.3902311422857165,0.010038957156410032,0,0.40196563728025,3.56979298513535
misi1243,aust1307,-0.30429963539614924,0.014661962875750554,0,2.6311843509540003,3.456847182084345
mixt1426,otom1299,4.80633657392427,0.019035311433109457,0,5.0192853693625,4.254432861424535
miya1266,afro1255,0.4930814757256631,0.016385005410738257,0,2.6832208351905003,3.671394408600285
miya1259,japo1237,-2.348736960659891,0.010968329890530799,0,-2.57626232807,4.117643751381175
lush1249,sino1245,-2.9481237029672016,0.01766322655497076,0,-4.24337240779,3.795961002622525
moco1246,guai1249,-0.4453996540839785,0.014599564845283287,0,-1.0222082959574998,3.89305145412812
mode1248,indo1319,2.7098485952998432,0.014136651736076415,0,2.0319418217600003,3.97132863687001
moki1238,aust1307,4.65287226163513,0.010874399552218071,0,6.362277015916,3.669394766196225
mokl1243,aust1307,3.107210605947732,0.005341619429418646,0,6.3336429618725,3.68740396959431
mokp1239,atla1278,3.0962193007791203,0.029567400079429675,0,7.58727893553,4.0754185789106945
moks1248,ural1272,0.7410403173537071,0.017059484417997994,0,2.42542116506025,3.552720898527975
fass1245,baib1250,-2.7966055040306053,0.02193131860005369,0,-3.56552043405425,4.581486857088475
mose1249,mose1249,1.7003985938146862,0.008452015261001759,1,2.515558197725,4.2484660067521745
motu1246,aust1307,-1.0358440237146431,0.015445793784092299,0,2.106367127645,3.48362349837822
moun1252,koia1260,-4.822590722788032,0.0510668033862192,0,-3.52066940579475,4.93498378752171
movi1243,movi1243,1.7852168768420373,0.008074103552938219,1,2.2965523679755,4.2059307027354595
moyo1238,sino1245,-3.355619384868648,0.027127662631518213,0,-4.21315654576,3.805367285304555
mpad1242,afro1255,2.952411938287132,0.023215638602518116,0,4.42374207186425,3.78360403251938
mpii1239,sino1245,-0.5119028865788382,0.01522482964567371,0,-5.4692977698875005,3.75226681243405
mpot1240,atla1278,2.922461378909932,0.01846487922228118,0,8.0576021466825,4.027230630325245
mpur1239,mpur1239,1.8989671399321306,0.016466527507863423,1,0.71702611426475,4.32934452047871
mual1241,aust1307,3.579723429693013,0.016697724479771053,0,6.6591544435,3.682476170721615
mudu1242,aust1307,3.481408847657437,0.016682223496554807,0,5.1574549557925,3.69964994211066
mull1237,nort1547,-2.4700450354305117,0.014622639676759799,0,-3.61462214663535,4.698430922588015
munc1235,sino1245,-1.6398398007230204,0.021557295666731365,0,-4.277419524015,3.7588542413291997
mund1328,atla1278,3.796372130718807,0.019201180321593694,0,7.1371598045999995,4.21819964459447
mund1325,atla1278,5.3596707355156195,0.028491777695747834,0,5.91351356285775,3.948426972761355
mund1330,tupi1275,-1.6798740174009934,0.0155851054403529,0,-1.5559863414200001,3.766430481463595
abar1238,atla1278,3.7739798033434293,0.02347087722059265,0,7.112714658134999,4.23560671635911
murl1244,surm1244,1.5684474501689327,0.015125750331162945,0,5.7741889345274995,4.378342360573095
muru1274,huit1251,-1.7946569191687645,0.0077248146281354915,0,-1.9782784780965,4.28179756493049
muru1266,pama1250,-1.3879730821027698,0.02814589637588533,0,-2.8669595655825,4.04688625767392
muyu1244,aust1307,0.509253834634026,0.0229796163545319,0,3.44858052038875,3.40854690469431
mwag1236,afro1255,1.856604799157471,0.015470302189186446,0,4.549765071977,3.83881720160648
mwan1247,atla1278,3.0013496525316805,0.02179396882983247,0,8.1250700555,3.9929908075353353
motl1237,aust1307,4.873028366309979,0.019881720954795047,0,6.38357107298,3.6759501769027496
sout2857,aust1307,4.471563712806043,0.020339219159890492,0,6.2748108404775,3.67019114115588
nama1268,aust1307,4.1602964603186825,0.026815121585613427,0,5.7326840046475,3.628483662903175
litz1237,aust1307,3.4968661858613577,0.014650608492030764,0,6.262387131100001,3.6646089818998098
namb1293,more1255,-4.423673955209116,0.028669531207795383,0,-3.87406989380375,4.59760787362113
namu1246,sino1245,-3.4854996521289303,0.016708957010167943,0,-4.821524410815,3.82842653359711
nana1257,tung1282,-3.5368253540901433,0.022838054882604316,0,-8.275517828525,5.66702322189687
nang1262,aust1307,4.852886108390681,0.013248237038226852,0,5.9575374979974995,3.7296795387865203
naru1238,pama1250,-1.9795654519144956,0.03666016829875308,0,-1.9864699370199999,3.958683385483125
naue1237,aust1307,4.044355928493219,0.02097015218078993,0,6.4036734010325,3.76483941559068
naur1243,aust1307,4.7240789489397965,0.018094806967866413,0,6.1090314432755,3.722102706172635
nava1243,atha1245,-4.718398939853087,0.01846785167900366,0,-4.4001938406475,4.113359208294025
nawu1242,atla1278,3.222831457947401,0.02718186737366579,0,5.3833475989255,3.933176756820755
naxi1245,sino1245,-3.642654324327525,0.017129516033731872,0,-4.826264263105,3.8250373857500497
ncan1245,atla1278,3.840355561150987,0.020498310730477056,0,7.1426570990625,4.2189892198875505
ndam1239,atla1278,3.8610190265468955,0.020177362374799418,0,7.9190020802,4.041436833489905
nege1240,aust1307,3.548664934537989,0.013419571914295884,0,6.7376778694525,3.67181957289523
neha1247,aust1307,3.2075635570818086,0.03357299740111521,0,3.4154367572875,3.53777266215836
kuma1276,aust1307,4.063459728726654,0.02059380599533768,0,6.47334960644,3.72002399181022
nenn1238,more1255,-4.434332017041703,0.02507089205905913,0,-3.8740746023600003,4.611244162250195
nend1239,nucl1709,-4.065486040035237,0.04854523759392851,0,-3.87299275913325,4.5361373005129995
neng1238,aust1307,4.162269591977834,0.015217485127120298,0,6.329297956725,3.717475186038315
nepa1254,indo1319,-2.6373005215321688,0.016801619860841863,0,-2.880968366555,3.791057381886155
nese1235,aust1307,4.667296531198079,0.02586059123406112,0,6.21084336139775,3.6856526830111402
vinm1237,aust1307,4.590279610176344,0.01564079870954868,0,6.2479364476849995,3.659525713639185
nezp1238,saha1239,-2.706693110199743,0.014507527668672285,0,-3.459718541786,4.245516666918545
ngal1292,gunw1250,-1.6226535811168072,0.025263872981757408,0,-1.24311561581725,3.798139341006555
ngan1291,ural1272,-2.4820872771194127,0.013659954780612356,0,-2.4534805320024997,3.8843307417650097
ngar1284,worr1236,-0.4841884924217751,0.02935150314426181,0,-1.0553892620975,4.015511300134375
ngas1240,afro1255,2.0059642416865406,0.02153816542334317,0,4.5619325717865,3.8358168988854002
ngba1284,atla1278,4.705621505612937,0.02591621520101812,0,5.9514524169000005,3.9315743197647404
ngit1239,cent2225,0.5830715879234682,0.01189414470691611,0,1.841681204885,4.216545353159415
nhan1238,pama1250,-0.6565855718490187,0.01948345095935314,0,-1.220974837155,3.81462055062392
nhen1239,tupi1275,-2.0095037050241236,0.027612093107008667,0,-1.7681972617100001,3.61841960194353
nisg1240,tsim1258,1.774975419611036,0.00929092662684541,0,1.3055411340649998,4.226631352258639
niua1240,aust1307,4.957888329815255,0.006741325810320335,0,7.1396397743249995,3.598508797583405
niue1239,aust1307,4.758144501368728,0.02525201760940495,0,7.02514496975,3.653714256541935
niva1238,mata1289,2.1875145788052928,0.01076689600681748,0,1.7711067220575,4.276703363656055
njan1240,atla1278,2.8369840812171274,0.01788429512089331,0,6.904746048154999,4.250532324859355
nkon1248,atla1278,3.069650002661092,0.02574974973453968,0,5.3856397428925,3.93688620425226
noct1238,sino1245,-3.377502042673796,0.02006874905268053,0,-3.1143918882975,3.63329124916533
noku1237,aust1307,4.75633978878799,0.017736831679991766,0,6.34020676437,3.69217560835367
noon1242,atla1278,2.652602667249708,0.014806195422438807,0,5.372531428605,4.12251429643875
noon1243,atla1278,3.7973758514635376,0.019809046022524614,0,7.137355870625,4.25223080637689
nort2839,aust1307,4.527063818600717,0.02007089610441845,0,6.1947941910825,3.68298604557895
nort2930,kiwa1251,-4.000683172464228,0.03238026573052024,0,-3.354242088762,4.66398667405007
nort2938,haid1248,-2.4405828907527223,0.01708390063167,0,-3.1071108135775,4.38084673004652
sing1264,sino1245,-3.409416642639198,0.011522369451194324,0,-3.32790459608975,3.60467893119673
nort2684,aust1305,6.027362019230729,0.022672988810918806,0,9.574237834000002,4.36874176275078
lush1252,sali1255,2.7442037102056527,0.01894097681288747,0,4.09890392022,3.927311723618245
nort2954,utoa1244,-2.0767381464773256,0.015348889246377334,0,-1.9026246015825001,3.64578725701179
nort2723,sino1245,-3.5558038545523827,0.022875742961218828,0,-4.74208434513025,3.83756745095505
nort2747,hmon1336,3.0072305505955272,0.011792107317473717,0,7.21888442635,4.127805827296555
nort2722,sino1245,-2.6784019492272204,0.006569281339456763,0,-4.73456145067,3.833423170674765
nort2885,aust1307,4.958587112986063,0.021141736044981905,0,5.931759387325,3.64004580383528
nort2959,utoa1244,0.8182629794244922,0.01827886997408576,0,0.8305703195417,3.5510403003011453
tosk1239,indo1319,2.9065237725345665,0.01692753216662332,0,2.4758057660675004,3.91810273460273
nort2732,sino1245,-1.135017583117032,0.011144855273710057,0,-2.6987069548025,3.676501731902815
nort2690,turk1311,-4.226263118525396,0.017450075568412996,0,-5.90063926047,4.194461030239845
nort2745,yuka1259,-2.952613191032138,0.012837976267748576,0,-5.256179845501499,5.64408993079451
nort3047,afro1255,1.7674544452806353,0.030802456269636187,0,4.338865350305,3.7589660987943097
nort2845,aust1307,3.1108442021856586,0.014488015509500485,0,7.143006901005,3.617686669431245
nort2942,atha1245,-3.5002698987849463,0.01560376680110789,0,-4.66934225621,4.036912005904965
nort2961,algi1248,-0.4749910549044099,0.009766582327300747,0,-0.0252515149369425,3.5548420221681747
nort2951,maid1262,-2.793667145094014,0.011182078114385041,0,-2.71628199447,4.466758365610939
yaki1237,saha1239,-2.5640320520734807,0.008300779691225972,0,-3.4542850340925,4.22604289517139
nots1237,aust1307,3.0949702370794716,0.016707643479197645,0,5.212811111420001,3.67569321721722
nuer1246,nilo1247,-0.2659552394062912,0.02097089555062055,0,-0.11948600848999999,3.9512625755073802
nugu1242,atla1278,3.24777094843253,0.049475069716706545,0,5.789518258563,3.92116712209586
nukn1238,nucl1709,-2.0334254209127427,0.03350057457789302,0,-1.4288437060055,3.6343596795769
nuku1260,aust1307,4.579940725933452,0.01603518754291595,0,7.02153294629,3.638044102008405
nupe1254,atla1278,3.4650149962896877,0.037089925612142347,0,6.0177539919675,3.985914487923445
nuuc1236,waka1280,1.8602651039917335,0.007648588686225541,0,1.00571594742925,4.17363416601951
nyah1249,aust1305,5.455077772865208,0.018074359630471597,0,9.623359740225,4.34860881829508
nyah1250,aust1305,5.555461805708672,0.02172654867027482,0,9.642419547749999,4.36443726118601
nyan1307,atla1278,4.802538541000988,0.023887586219543837,0,8.047680883075,4.012476953457895
nyat1246,atla1278,3.682897541895902,0.03273309284634796,0,7.93734224202,4.060457129170155
nyor1246,atla1278,4.608491521902691,0.02801714623339884,0,8.050860816275,4.01024650620489
obok1239,lake1255,-2.3819203250927847,0.019509094307865894,0,-3.4389080021525,4.548985494111005
occi1239,indo1319,3.662590018346515,0.01758224386798623,0,5.0780280906,3.714663808464895
oriy1255,indo1319,-2.0015638820905948,0.011374240729097977,0,-3.2196860167,3.73622890274984
okan1243,sali1255,3.776292067470517,0.020513206098537254,0,4.1522542956475,3.8856745720894947
okin1246,japo1237,-2.9330259808047208,0.01294640016069645,0,-2.5111617981505,4.09841651741802
oksa1245,nucl1709,-4.059983452135492,0.03562744772443266,0,-3.84599756365,3.984461397224935
oloo1241,nucl1708,2.299988476718447,0.031027184681080112,0,2.787453556235,4.1638377531248
olut1240,mixe1284,2.5356881183118127,0.009988216185923859,0,1.82974341997045,4.1267161937133245
onon1246,iroq1247,-2.9802485699541474,0.018006075245701775,0,-4.435234092585375,4.162287298511935
orok1265,tung1282,-3.7293358286913345,0.01613422581477027,0,-8.2580449922075,5.66883993053291
orow1242,aust1307,4.113291064539284,0.02362247205102472,0,6.38512603337,3.7119932763262202
otta1242,algi1248,1.3604709222727487,0.014459349065210562,0,0.870395337835,3.582333308906605
paam1238,aust1307,3.2776839509334463,0.021444650655465993,0,6.2288353859775,3.6422627440046798
paas1238,atla1278,2.946352115795876,0.02582820696728068,0,6.1134519638175,3.870987711961225
paco1243,aust1305,5.478381488123017,0.019527635112162777,0,9.75122258325,4.330087376194335
pagi1243,atla1278,4.7720002433316875,0.02477768316338654,0,7.2786573654025,4.105680831902105
pagu1249,nort2923,-1.3490226498518432,0.03915273529242693,0,-2.62721686440325,4.0192253411214995
pahn1237,hmon1336,2.4411396398983864,0.014934491868260479,0,7.2023273502,4.1669371120105545
pait1244,sino1245,-3.4016888920796835,0.022170132897068526,0,-4.168830300289001,3.80354584996975
balu1257,aust1307,3.3992382786822257,0.015122353206792801,0,6.051941609597501,3.7183433010829
pana1307,nucl1710,-0.3939971802916654,0.010333928743423149,0,0.076467901201,3.75135397694092
pang1290,aust1307,5.893305839519513,0.01916361926902721,0,6.4477812766525,3.697701292925955
pang1287,atla1278,2.910914940068444,0.020437653435070105,0,8.083052501325,4.025349869734315
pany1241,pama1250,1.4479088714111592,0.03728711195211232,0,1.3115864380955,3.71762922597181
papa1265,aust1307,2.1579700058257285,0.01714635154156143,0,3.1145375114925002,3.516919230794875
para1302,sino1245,-2.846112155709872,0.020746278426021014,0,-0.87242056010525,3.5896070323122
pate1247,aust1307,1.8012892680525396,0.01928595674895947,0,5.5113348473637505,3.61273116755867
patp1243,aust1307,3.900913074834633,0.010918020538764756,0,5.1430775643899995,3.6924748967519747
pawn1254,cadd1255,1.1052983078575862,0.005677221977375436,0,2.08812283165,4.17794102522293
pela1242,sino1245,-2.895036844049071,0.014788436391642928,0,-5.17358290142,3.809723712789275
pemo1248,cari1283,-1.040274570590404,0.014615741097913408,0,-0.5175330537325,3.7697756583389097
pend1242,aust1307,2.2179421130721395,0.017766187509235046,0,6.6710132964749995,3.6931582564524
phom1236,sino1245,-3.2745247549915195,0.01748044811236013,0,-3.22329367763,3.643891618663945
pila1245,guai1249,0.7152380395913224,0.01586477358012883,0,-0.172423749139,3.89421538611093
ping1243,aust1307,3.541716719195463,0.010851333512996735,0,6.415781705844999,3.6393287940243253
pite1240,ural1272,1.1052323915815172,0.019904915901325287,0,0.60750176912,3.371014372861195
pohn1238,aust1307,4.633740837242481,0.020258295007724227,0,6.398000933875,3.64793646536515
poli1260,indo1319,1.9343016243905433,0.014581068098096296,0,2.6422803120475002,3.5336850178559454
popt1235,maya1287,4.176154579138152,0.015963785020665883,0,4.3233462313925,4.24470349534078
port1285,aust1307,3.3295543177554308,0.027462343667459033,0,6.257115808975,3.64386547488793
port1283,indo1319,3.2431263344580037,0.023818364337619764,0,5.14048500372,3.707250822657035
phai1238,aust1305,4.1592985128748055,0.022881870501907094,0,9.722730279225,4.31770535704025
psik1239,afro1255,1.3413159122542067,0.018245895744664186,0,2.65670252991,3.65012319704641
puka1242,aust1307,3.6157574605390925,0.016587248157596213,0,7.1319695110075,3.610676298000845
pulu1242,aust1307,4.51874052963711,0.01810705084541318,0,6.397383305337501,3.6410794310098398
pura1257,pura1257,-3.95924644695328,0.030415534525679976,1,-3.2683570101274997,4.7892865348803895
pure1242,tara1323,-1.114810936689808,0.009658247640450538,0,-3.5437730814900004,4.278943157975215
puri1258,sino1245,-3.5657785922875114,0.030087308343636168,0,-2.97057447886175,3.55177457294665
qima1242,afro1255,-2.3077045563404983,0.017203114969485282,0,-3.611700588151,3.9778073526382496
quer1236,otom1299,3.886654700933078,0.012876840994812162,0,4.4524731834475,4.23668755419709
rabh1238,sino1245,-4.312434827575591,0.02280709949039204,0,-3.1178737662105,3.6487533585977747
raji1240,sino1245,-4.574226555272752,0.008896280672334323,0,-2.9190597262575,3.676873878821545
raut1239,sino1245,-5.484047819904414,0.022404161758154902,0,-2.893998839183155,3.7056622672266046
reja1241,aust1307,3.4978140361562167,0.00913576661036626,0,6.312330562025,3.73042088838351
beka1241,aust1307,3.711355891319041,0.018401924793943522,0,6.362170991725,3.72154262245496
roma1326,indo1319,3.3452718537940482,0.012350634369641698,0,5.0855132081050005,3.703408560153795
romb1245,aust1307,5.468613337090422,0.021779018496779632,0,6.1451269901975,3.61027140402381
rong1266,sino1245,-2.619700403458958,0.015288501930320176,0,-2.9169502033525,3.725715388050535
roto1249,nort2933,-1.843092155586828,0.01373356649423457,0,-3.7636626986325,4.735746187916195
rotu1241,aust1307,4.904625679289011,0.01693210583624997,0,6.790752895875,3.67124992743208
rovi1238,aust1307,3.469261171164312,0.022451882735396063,0,5.3574173876135,3.63023183767055
ruch1235,aust1305,4.183451358560736,0.017663253242549453,0,9.8133462175325,4.294817936019005
ruka1240,aust1307,4.837501158615001,0.018867718384851614,0,6.13956078695,4.015714130991115
ruma1248,aust1305,3.1622447118061867,0.016728820218299384,0,9.817836759750001,4.277605420205575
russ1263,indo1319,0.18677349573978386,0.012504862500955064,0,1.8348648586225,3.486535767746665
saaa1241,aust1307,4.580484411225871,0.025145085705646532,0,6.031043339002499,3.6397500227205297
saaa1240,aust1307,4.4546565875923605,0.013302946513972031,0,6.4671108340300005,3.68149516595478
saar1237,aust1307,4.853578367091411,0.020242941660187214,0,6.122306624435,4.055831511011155
sais1237,aust1307,4.738980433473166,0.015414439481838325,0,6.0775417014999995,4.025049613520675
yaku1245,turk1311,-5.027229200091195,0.027473094646078715,0,-5.73039516041,4.22133952361623
tsis1238,atla1278,2.4348421581917012,0.019258343219434388,0,6.362421949050001,3.959063785088095
samo1305,aust1307,3.8193414880770282,0.015671699154039882,0,7.1616892688375,3.6055010927806848
sani1269,sino1245,-2.5826725117542115,0.007818744825690048,0,-5.35280108955,3.77629872360193
sanm1289,quec1387,-2.481894730519529,0.010349213686238501,0,-3.084467697695,4.081749824168339
sanm1295,otom1299,4.732181962848394,0.015636638182641174,0,4.82922662943,4.2843401550277544
sant1451,otom1299,3.7199709349706995,0.01673241071211901,0,5.100211788124501,4.200562069079815
sant1436,otom1299,4.669203060973022,0.018588552732683443,0,4.79639845025,4.30593498379103
sanu1240,yano1268,-2.585804114909765,0.014685793956439146,0,-2.6892436557255,4.136748334153721
sars1236,atha1245,-3.250635964488624,0.015305457753601577,0,-4.642960691220001,4.06135768273512
saur1249,drav1251,-3.672450171001253,0.020101361140080883,0,-3.6895933014695,4.238575616239681
savo1255,savo1255,-1.554974788696013,0.012440538134959515,1,-4.5086036840475,4.643306382869024
seda1262,aust1305,5.715415828437771,0.01979953073865024,0,9.613039589295,4.37343022211831
seim1238,aust1307,2.8206077231136653,0.00559098374893776,0,5.934203444702501,3.73127411815137
seke1241,aust1307,4.603663344475869,0.01796955689543376,0,6.035046666502501,3.648717663966075
sela1260,aust1307,1.3896415301832443,0.02117140102717228,0,4.009210566111751,3.5437923631782997
selk1253,ural1272,-1.6549771624997152,0.010451966378638588,0,-2.5907274840175,3.8492037641613503
sema1266,aust1305,5.449884283512192,0.020488206680695606,0,9.62348468145,4.385022471388185
sema1265,aust1305,5.5120271635713465,0.024973374380685115,0,9.6333423315,4.372785245544275
seme1247,aust1305,5.511572697718983,0.02052947498890118,0,9.63891705985,4.36643021783227
sene1264,iroq1247,-3.8473022406382755,0.017124112284190203,0,-4.24063397526625,4.255092212245055
sout1528,indo1319,2.298588331017325,0.016237880787334357,0,2.86114017252,3.5543565460909354
seri1257,seri1257,-2.4988747364323416,0.008592884572302206,1,-2.365651191345,4.40267296979786
shab1252,shab1252,-2.9325602891219074,0.02513191554606079,1,-4.3329707079385,5.651765505300736
sham1280,atla1278,3.14158333176334,0.020638926250957368,0,8.0562679546255,4.031124893772855
shan1283,pano1259,-3.3488422743366977,0.015453374221017226,0,-4.338154607945,3.935432959884635
shaw1249,algi1248,0.8308654307236545,0.012517268495331534,0,1.2569869439194998,3.6230536704838947
biao1253,taik1256,3.8549548987483186,0.019471507055310925,0,5.6448510622425,4.239991987069705
ship1254,pano1259,-3.390403527665697,0.009612453197926987,0,-4.272876776465,3.972445434296885
shix1238,sino1245,-3.6279127976908967,0.013522388946618691,0,-4.811233867915,3.82626200540227
shol1240,drav1251,-1.8618970773828167,0.024668100456500603,0,-2.8865379400925004,3.754769250937145
shon1251,atla1278,4.108566047685574,0.02652533118637803,0,7.9864150401,4.052709822555229
shos1248,utoa1244,-2.0892148195982285,0.014167493658067142,0,-1.962579388267,3.641388219118375
shua1257,jiva1245,-2.635271283261937,0.01269871199571102,0,-2.8014527297739997,4.09800247182322
shwe1236,aust1305,3.103622860819181,0.015043875265492543,0,9.8161589338,4.283977087320215
sich1238,sino1245,-2.4612491317570466,0.013782527237224462,0,-5.352800453665,3.757741143183315
sici1248,indo1319,3.4386704551075264,0.015649794267964402,0,5.026437190525,3.742183287786805
sici1249,atla1278,-0.656964440727551,0.022367422666360742,0,2.72187160571325,3.774517490506555
siee1239,aust1307,2.9432784934344323,0.021189106054507825,0,6.5756852288075,3.67269026045504
sier1250,otom1299,4.840311568301818,0.021796598154289734,0,5.030669045990249,4.226495585490075
sika1261,aust1307,4.618004938110304,0.01593193982685562,0,6.99075123975575,3.6478134304646046
siks1238,algi1248,0.7931223459747668,0.01420138078049557,0,1.01774700860275,3.5469674597456997
sina1266,aust1307,-1.0594757274070608,0.02245642530842154,0,2.1819101879625,3.487619326717755
sioo1240,aust1307,2.6380185650420005,0.02360266741860429,0,4.5179151296425,3.6040319878210054
sile1255,nucl1709,-3.973705167705541,0.04950399972954587,0,-3.8560267238925,4.50923961711833
situ1238,sino1245,-2.9463096680784657,0.015746311620456636,0,-4.6898927664475,3.843960048406575
skol1241,ural1272,-0.06898980784142869,0.013860128893117439,0,0.1098005084965,3.4199711291696797
slov1268,indo1319,2.6163606430878836,0.012115510677801457,0,2.86489454841225,3.5562188372574504
sooo1254,aust1305,6.008223349297002,0.021175267576804824,0,9.7243064693,4.355925836829215
soch1239,otom1299,4.826244657005143,0.022322322923080708,0,4.36112803666075,4.327100026055964
soga1242,atla1278,4.070073293096481,0.030322808856498115,0,8.0294342125325,4.039521844541261
sons1242,aust1307,4.553551358452561,0.014971001316827872,0,6.402838406125,3.646105303321735
sout2859,aust1307,4.476111854702163,0.021867662768155514,0,6.180274875315,3.662093648928165
sout2976,utoa1244,1.148243896403419,0.020683433723137957,0,0.8088751404625,3.57075511322536
sout2856,aust1307,2.4531744646960343,0.01828989312232438,0,4.52121963007,3.525768086811305
sout2954,japo1237,-3.054758804546193,0.014309565732865327,0,-2.515124187645,4.1200188847345345
sout2996,ayma1253,-1.8378138680044338,0.00991708809502827,0,-2.0247933576949997,4.25172619284527
raro1241,aust1307,4.482981237597038,0.022899300714805542,0,7.1078673432774995,3.624154885288265
sout2956,haid1248,-2.439420906564698,0.015266416110579871,0,-3.1163960476975,4.38456856724045
kach1280,sino1245,-3.179120517795278,0.01418054231202815,0,-3.3301555841275,3.61599659804557
sout2994,namb1299,-1.956646574939156,0.010190160190456743,0,-1.839532331145,4.298983951376745
sout2649,indo1319,-1.849493383892269,0.01067467500802905,0,-2.6244691265475,3.87750401653639
sout2729,sino1245,-3.6303404624949094,0.015390167450809327,0,-4.740667235395,3.827291831280665
sout2728,sino1245,-2.848915554240711,0.017181535310493868,0,-4.73499929444,3.838649196245155
sout2985,miwo1274,-3.0502666114963484,0.013739967948293411,0,-2.6703087717075,4.3498747500160455
sout2807,atla1278,3.9255325552683105,0.020641988573968522,0,8.0615198204825,4.021045230569925
khan1277,sino1245,-3.4725500251341956,0.0140940535536358,0,-2.86650702634,3.73731584815554
sout2797,atla1278,-0.18126934620378224,0.030651039566489992,0,4.241773302915,3.7118084004989003
sout2679,ural1272,1.97902818198135,0.017701170491230437,0,2.09241870281225,3.531391788511195
sout2895,aust1307,3.1032100004298018,0.014642764378026358,0,6.3370079054775,3.75964568349452
sout2674,ural1272,0.19002582072804974,0.011361240652007656,0,0.14564034195225,3.350022524146285
sout2959,atha1245,-3.6539372524715823,0.014991894547494375,0,-4.658165515597499,4.030814914929515
para1301,aust1305,3.2289203328720477,0.018547635822566723,0,9.847603174625,4.299126639221916
sout2869,aust1307,4.188971528517953,0.01608319326969617,0,6.4819281880675,3.67905415286374
stan1306,aust1307,3.528853921278845,0.014924781049198251,0,6.723588585115,3.67232024043458
horp1239,sino1245,-3.141968967662338,0.017616351150377796,0,-4.7215843364975,3.8323555004921452
sude1239,aust1307,0.506584503114121,0.015349461990290837,0,3.379015705755,3.4738182946365948
sumi1235,sino1245,-3.3839435655992345,0.014647492476701328,0,-2.49509361704,3.697902416413175
sunw1242,sino1245,-5.545230286361539,0.026414152768166686,0,-3.7425585731539996,3.796555169869455
supy1237,atla1278,0.3833605270315895,0.0170307330365898,0,2.6690437928315003,3.77557309599776
surs1246,aust1307,3.7571448086468475,0.02259095307333354,0,5.13583887745,3.69205123293401
swah1253,atla1278,2.426489956222506,0.018686578333729272,0,8.13945418617,3.98886417355389
swed1254,indo1319,1.7828056604367513,0.014088138396433185,0,4.559594563519999,3.80118626508552
taba1263,nort2923,-1.3627183887690972,0.03268405431767299,0,-2.74947320203,4.00542445125323
taga1272,aust1307,4.704681078737643,0.011337182239630032,0,5.9696968672325,3.65124251964859
tahi1242,aust1307,4.384303069513811,0.021817884770609888,0,7.1150545181475,3.6256016825330653
taia1239,taia1239,-3.3241800909627957,0.015080064762414152,1,-2.974686888392,4.84468769916165
taji1246,aust1307,3.3020026897426336,0.013535817880398938,0,6.6622898389375,3.70617228271677
taku1257,aust1307,3.3966555642850054,0.024984290471193778,0,7.02779408435,3.6296729343195198
tali1259,aust1307,3.070605820526292,0.014875052180656639,0,6.478292382335,3.6904916950103352
malo1243,aust1307,4.7119228487608575,0.01253293265789323,0,6.372933243825,3.687412680247475
tama1365,afro1255,0.9012881659563073,0.008912260575712353,0,4.479713487505,4.099565775539935
tami1289,drav1251,-1.858604877647313,0.018251763103218483,0,-3.4798272973340003,3.84465234290926
tane1237,aust1307,4.903633003916939,0.018252161709371748,0,6.005452789035,3.7298459281260596
tara1313,sino1245,-2.4054242821815297,0.009949899431379881,0,-4.23097231967,3.8056427714554797
tari1263,afro1255,3.0394394734125587,0.02028117392437015,0,4.625576886865,4.09681433291166
tata1257,aust1307,3.6994092293513168,0.013001068574880257,0,6.34768011775,3.74754677085713
tata1255,turk1311,-3.094495140714561,0.012589887175117654,0,-5.7800675559675,4.18148915199934
taul1251,taul1250,2.034246696582599,0.015250570851404091,0,0.2406435393775,4.366706485788431
taus1251,aust1307,3.2896168043779084,0.021226933189968458,0,6.187966224225,3.61810410789507
tbol1240,aust1307,3.430572691176094,0.017552866980293413,0,6.217876016023,3.6883967394277
tean1237,aust1307,4.8997736230033535,0.017610976197890472,0,5.9984465052425,3.7386282493427547
tedi1235,sino1245,-3.2305337015159012,0.01214603573756493,0,-4.1795281842275,3.800972745023225
tekt1235,maya1287,4.220900780761452,0.019168720716312402,0,4.285221924695,4.260864464431285
temi1246,aust1305,5.4255111977031,0.013154244569579122,0,9.603377319925,4.365736272976895
tenn1246,surm1244,2.293714327341532,0.019709934996924063,0,5.77136689991425,4.355832460674125
teop1238,aust1307,2.486870975976842,0.02135530958149416,0,5.0507378659275,3.6101004884324848
tern1247,nort2923,0.04194719035827505,0.02587280833302767,0,-0.90313270083925,3.94756239337122
tete1251,utoa1244,2.4568495320061876,0.021984541977173148,0,0.8948344706925,3.64021545251223
tezo1238,otom1299,4.6834230782976185,0.022928091525873242,0,4.81597509489,4.281592264638755
thad1238,sino1245,-3.4002526620366877,0.019815795170106097,0,-4.17160454814,3.795374717954515
thak1245,sino1245,-5.587868030092069,0.023922052435659705,0,-3.2771813931625,3.6775393196421
than1259,sino1245,-5.4373197928742645,0.013725291512899545,0,-3.5864090134025,3.8157982452288097
aheu1239,aust1305,5.748941237564699,0.021066593051857645,0,9.52697548305,4.32414185754934
thul1246,sino1245,-5.277650548158336,0.01785563070150508,0,-3.7403257758399997,3.811119597100925
tibe1272,sino1245,-4.656617575497602,0.021606952449033413,0,-2.6318278959992503,3.498229875330495
tief1244,atla1278,0.15328078196904338,0.029481837996913087,0,6.533289325185,3.837652171871615
tiga1245,aust1307,4.224932364027595,0.01929216308209192,0,5.16111569129525,3.68422895211346
tika1246,atla1278,3.8615931694068415,0.019569276220559626,0,6.82659719542,4.302332617283505
maee1241,aust1307,3.537814510731506,0.009121845551450826,0,6.305841446337499,3.64818516331885
tiri1258,aust1307,4.114223048185136,0.016432148587844215,0,6.3979938303425,3.71931189125935
tiru1241,aust1307,4.667382733788939,0.019902138010216345,0,6.19661101078,3.70654679593585
tita1241,aust1307,2.2687250554966174,0.017227554833123646,0,6.20233036931,3.683600551851305
toab1237,aust1307,4.330857294200003,0.019801719759469025,0,6.4996000803394995,3.68345744527201
toba1268,leng1261,1.7019036370389367,0.010363883036386844,0,2.3859050098825003,4.209823411104245
tobe1252,nort2923,-1.3127248995895144,0.031664634221420476,0,-2.7128491006975,4.012570675706691
toho1245,utoa1244,-2.0473009234165795,0.01952748024361903,0,-0.025930656738750002,3.58098604611693
tojo1241,maya1287,4.2194476643240035,0.023253560860066077,0,4.2982103707,4.26786061781351
toke1240,aust1307,3.753977769251658,0.020619392766612666,0,7.16274428296575,3.60079844749586
tong1325,aust1307,3.609279813910482,0.018870055259096245,0,7.05851368292,3.64532448368081
tong1318,atla1278,4.122545754273678,0.01880461418746643,0,7.9939255726,4.03775757237866
toor1238,atla1278,3.6170556878523645,0.02330719123576825,0,8.057143151425,4.010846050245835
tote1238,atla1278,4.024391340036357,0.016636262453189107,0,7.992240231505001,4.039037878473245
toto1302,sino1245,-4.949242903805988,0.02100302452828023,0,-2.2745870994284996,3.6534384636129147
trin1274,araw1281,2.7101040282329403,0.016143646467499426,0,3.69273261416,4.081037448460615
trio1238,cari1283,0.0107798440057118,0.01891188055019759,0,0.6227075532785,3.67276470983446
trum1247,trum1247,-2.0796133120719342,0.007264587913019956,1,-2.070114988235,4.25182721913197
tsha1245,sino1245,-4.303693738260095,0.01811108294071378,0,-3.0010456956225,3.6517742529435
tsix1234,khoe1240,-2.7282810041782413,0.014679816254204144,0,-4.7607955987325,5.22083830286981
tson1249,atla1278,3.7977360657143615,0.026168175857922353,0,8.008366366947499,4.01244149802573
tswa1253,atla1278,4.247960325997931,0.021560474773961117,0,8.040757824275001,4.031838642096375
tuba1278,utoa1244,-0.9426369528631426,0.024287881879953885,0,-0.8427144723025,3.513077338107685
tugu1245,aust1307,2.9629359985696695,0.020744781372965256,0,6.44210113965,3.752396924065935
tuka1248,aust1307,3.6020173495691825,0.01587540596390985,0,6.455646948849999,3.738591490924525
tuki1240,atla1278,3.4352864497301474,0.05293475531644343,0,5.775507724675,3.9050039689814
tula1252,atla1278,3.654098060692354,0.03134101267875997,0,6.0679799735,3.8648092308859603
nene1249,ural1272,-2.0669939656277467,0.01860384800944557,0,-2.5021750584137497,3.85989411299299
tune1261,atla1278,2.814668712518666,0.026418734085406025,0,3.74717539528,3.8069190204269
tung1290,aust1307,4.162403568795146,0.01954976571877697,0,5.186744351705,3.6724817561522203
tunn1238,afro1255,-1.5281960055321924,0.009212699624181787,0,-3.8560949526400004,3.9263553259764947
turk1303,turk1311,-5.432258879612922,0.02385970010150506,0,-5.8581908977525,4.199307177828359
nucl1301,turk1311,-2.9479056075857057,0.01900058657516031,0,-5.93378440726,4.160633133946185
tusc1257,iroq1247,-2.588065393663252,0.014111768671078023,0,-4.45839483440425,4.1795854890133
tutu1241,aust1307,4.726922591385007,0.00603518590401507,0,6.35890632889525,3.69066271418321
tuva1244,aust1307,4.9102693071559775,0.01862003559008552,0,7.12712203759,3.613449486001775
tuwa1243,aust1307,5.916307337039031,0.02750883413755659,0,6.46585270196,3.692660756300925
tuwu1238,atla1278,3.0996067731265837,0.035150246373027716,0,5.29028022778325,3.9789052376065
udih1248,tung1282,-3.4427219777426927,0.017576597131513973,0,-8.27462456654,5.699281798688276
ughe1237,aust1307,3.4319501643864623,0.014630262261112552,0,5.322118721855,3.64685457335636
ugon1239,sino1245,-1.2604469830940332,0.013501725411876385,0,-4.9682149119825,3.825516871190655
ulit1238,aust1307,4.537434279282518,0.021877893261901465,0,6.3993732873799996,3.646771143420965
yaul1241,kera1258,-3.4853844353038235,0.0344845481463596,0,-2.8569893663675,4.761046708127051
umaa1242,aust1307,2.2393309657932066,0.01409021641675005,0,6.478519694451,3.71031794930497
umbu1258,nucl1709,-4.3741891747097235,0.04275996958804265,0,-3.7721156443775,4.0166253914320755
umes1235,ural1272,-0.46426887940821493,0.021418422713248775,0,0.160193364735,3.3616375210131153
unua1237,aust1307,3.4414585904819255,0.0055283478747280785,0,6.2406267387300005,3.66552973997134
uppe1275,toto1251,3.322842933227548,0.015566664586048303,0,1.9410860582975,4.167111704493155
urar1246,urar1246,1.7089203087264015,0.007656878747633127,1,2.345474203375,4.20960580640611
urav1235,aust1307,4.027090704764224,0.017007346391937524,0,6.537511160425,3.69085779881262
urim1252,nucl1708,1.007541202400287,0.018429165298665038,0,3.3031203025025,4.06973544221753
urni1239,giim1238,-2.778229565603172,0.023685863533842746,0,-3.7020085669964997,4.656236789177045
utes1238,utoa1244,-2.224411033173056,0.011002764117822191,0,-1.9522594802,3.64711143478766
pile1238,aust1307,4.876947361090918,0.016614234916701037,0,7.0775974646813005,3.621176994113285
veps1250,ural1272,2.149128882959373,0.01795902810128875,0,2.9093900234200003,3.438486937355795
vera1241,aust1307,3.740352124640242,0.012685333194022236,0,6.3966245839225,3.68043277395398
vunj1238,atla1278,3.115382158080095,0.017164622767335925,0,7.981694768305,4.04902814038343
vure1239,aust1307,4.8637801997104075,0.014411430326633766,0,6.355851290313749,3.68277354280797
wage1238,wage1238,-2.6308965763635603,0.01712422216119388,1,-3.7718503569950004,4.7431556779754604
waig1244,aust1307,3.4022739179130665,0.019366882036821763,0,6.0723445389625,3.7611507264715947
waim1251,aust1307,-1.5045217425017423,0.018868753523663993,0,2.1298129163925,3.499070144873325
wala1266,aust1307,4.359896419847921,0.009523486043983271,0,6.483347301505001,3.6838618023368754
wamb1257,sino1245,-4.532386577833593,0.02160731435882357,0,-3.76023178460275,3.78089580618774
wand1278,afro1255,1.7143048993508438,0.019845991671725016,0,4.5841318011445,3.783302562730555
wand1267,aust1307,2.894985632806004,0.010318607028278824,0,6.1092550739450004,3.785930855905775
saka1289,aust1307,4.7741329853308745,0.019502776255324615,0,6.3611656934,3.69562924119945
wara1303,wara1303,1.267683094706329,0.007971931094628787,1,2.76464931042075,4.21338222657713
ward1246,yang1287,0.905813937822791,0.011226993045323588,0,2.0153601744845,4.215149704081995
ware1255,araw1281,1.923233672585821,0.013158502782141594,0,3.6232675959,4.13668640580845
ware1253,aust1307,1.9228111913671717,0.012936315367218,0,6.1618306866925,3.74815958860181
wash1253,wash1253,-2.8047087395399366,0.015868710745707885,1,-2.0988899259425002,4.428043930172235
waya1269,cari1283,-0.7370129458116289,0.01601283994570509,0,-0.66639365973725,3.6677341050275
wayu1241,sino1245,-5.583247475433179,0.030305452521800766,0,-3.7436240094332502,3.78760483121625
wels1247,indo1319,2.561467383943439,0.013296259929394998,0,4.3622737403625,3.839196086204475
west2560,aust1307,4.849526544225758,0.008568136903805326,0,5.700528083929999,3.681502884658025
west2615,atha1245,-4.617128323595182,0.017283320696268045,0,-4.388670480349999,4.107216602308255
west2397,aust1305,6.0021786882651735,0.02543396870455363,0,9.723314069375,4.3537556722237305
west2650,aust1307,4.272118985135575,0.019123744608597986,0,6.677286374947499,3.663705591299895
west2594,nucl1709,-2.656491897413227,0.03379033839788115,0,-3.8422824962925004,3.97329146330664
west2369,indo1319,-2.072342964369218,0.01380230477850072,0,-2.60618879672125,3.8982202837636946
west2519,aust1307,4.739368804040299,0.02174178328239635,0,6.7731687070749995,3.68243014873967
west2354,indo1319,3.195266216397412,0.02097238706599678,0,4.499329967287499,3.7885744889727
west2644,otom1299,4.72964173050931,0.019300853611427856,0,4.993252912471251,4.26161474792981
west2396,aust1305,4.533926570856904,0.019226282984285435,0,9.8457646345,4.279116133192385
west2418,sino1245,-5.671109442587216,0.017796891592151354,0,-3.5811814302,3.828375206907265
west2557,aust1307,4.849223647118378,0.01622832674659521,0,5.916605506035999,3.64870090535412
west2415,sino1245,-5.652851698968572,0.012579779550993497,0,-3.2386174814424997,3.692698308697695
sanj1284,otom1299,3.7633869974158816,0.007272326132441418,0,5.0826761471849995,4.22097738014947
west2430,hmon1336,3.082643488301422,0.017485442391010235,0,7.25089496865,4.111878137888976
saka1291,aust1307,-0.4047151196780495,0.013772300622168115,0,3.4052808387875,3.43746039448634
west2516,aust1307,4.153847591561624,0.014975313974598201,0,7.080840863445,3.64461781315327
whit1269,aust1307,4.181358245154955,0.021896164837376532,0,6.515908695849999,3.691171560813495
wiru1244,wiru1244,-3.94306344349203,0.0464783725049883,1,-3.3428190306147503,4.82009093420225
babi1235,atha1245,-3.007049795444165,0.01851034183790355,0,-4.62416160212285,4.044121928070245
woii1237,aust1307,3.6522758734121306,0.021524383681348267,0,6.106168313627499,3.7749224532774504
wola1242,gong1255,-4.492417278635937,0.02945928885309141,0,-4.7351762767035,4.788869142889755
wole1240,aust1307,4.396895417863462,0.013575378572384899,0,6.40652865235,3.63731402931147
woli1241,aust1307,2.2922820835408464,0.006984175129985491,0,6.489898024759,3.71842227313493
wuch1236,sino1245,0.965341499021416,0.01079944500496943,0,0.71381771178775,3.51828331482444
wusa1235,sino1245,-3.2220152453559994,0.014394823838377882,0,-5.32439872611,3.78378605758557
wutu1241,sino1245,-1.7505578372407444,0.022592446810843103,0,-0.50328662966,3.4750661267980654
wuvu1239,aust1307,2.4656441371789706,0.013413667451976238,0,5.929243540730001,3.725627172246615
xamt1239,afro1255,-2.6891944255305664,0.017374195667931868,0,-3.599730396675,3.99921089151451
xara1244,aust1307,4.1300068447687295,0.015691261856559755,0,6.403287763450001,3.723228431979305
xava1240,nucl1710,-1.4594995592041862,0.016464012458894103,0,-1.5724443979315,3.896518432284955
xish1235,sino1245,-3.2974584540975433,0.017607618483724496,0,-5.2730058166515,3.801150960437445
yaka1277,aust1307,4.587026280589035,0.02244354887994237,0,5.66183925233225,3.7142009476659
yako1252,atla1278,4.743335126389628,0.028832674835508977,0,5.902221083940001,3.96003489900157
yale1246,yale1246,-3.0670314137533365,0.02475177351765854,1,-3.465934205515,4.72625792312485
yami1254,aust1307,4.725192071745999,0.021238699971223247,0,6.48222197755,3.68115454134173
yami1256,pano1259,-3.324293914882631,0.015963944821460414,0,-4.356133672717499,3.943062122288525
yamp1242,sino1245,-5.3908475386710695,0.015198245262335146,0,-3.618025174855,3.83042145661215
yano1261,yano1268,-2.3541320648816253,0.01312665952047973,0,-2.685445319028,4.1583672343252545
yape1248,aust1307,4.560550538736809,0.007943485752843323,0,5.894969590920001,3.717001813239575
yaqu1251,utoa1244,-1.6576576138417716,0.0167097456458668,0,-0.5282161060274999,3.671023578678155
yare1248,yare1250,-4.710050009587693,0.044731940432465804,0,-2.81341734861275,4.8887220681502495
yatz1235,otom1299,4.8597322231796625,0.020584560850534176,0,5.008508324479999,4.223362522147605
yaum1237,nucl1709,-2.3010835634080027,0.04791930887973985,0,-2.0497134139065,3.643367587622775
yawu1244,nyul1248,1.7556390128384658,0.020211589783741574,0,1.9193089201950002,4.2968546588594645
yecu1235,toto1251,2.370433255355942,0.010901577022155978,0,2.1232518014624997,4.122376968968255
yems1235,gong1255,-4.486491205329087,0.02244479117785535,0,-4.64560347632,4.646207076242665
yind1247,pama1250,1.6562799096403549,0.026008255063480173,0,1.3219827816325,3.7405360706342
yoga1237,aust1307,4.745489493258328,0.023190058748220048,0,6.5536150913825,3.67193806995165
yona1241,japo1237,-1.9079458959537725,0.009577251048082028,0,-2.59432672169,4.086861585114139
yong1280,nucl1709,-4.261290688749764,0.030005662366513294,0,-3.8554696790575,3.965924782906205
yora1241,pano1259,-3.394995220476722,0.018299580323247366,0,-4.341594643903,3.93962097149742
youl1235,sino1245,-2.4857720464180053,0.01399593154832381,0,-5.32346694904825,3.7702317411593054
youn1235,hmon1336,3.945981884163995,0.016238096371618653,0,7.2056424577975005,4.147009608041484
yuca1254,maya1287,2.6505098558827656,0.015933653023257374,0,4.6926236548275,4.1513030124645045
yuch1247,yuch1247,-2.3519760211116187,0.012468928706876771,1,-2.471846090565,4.387575981645545
yuec1235,sino1245,1.1658851468714304,0.009996731124510145,0,0.69366314745625,3.5311572225250103
yuqu1240,tupi1275,-0.45446405625106284,0.010768618678639642,0,-2.566783286272,3.65128238564772
yura1255,yura1255,1.4693256199907814,0.00784851419218861,1,3.0313124421874997,4.114796519136259
gami1243,pama1250,-1.7290841178944656,0.035390217956381316,0,-2.796005363656,4.040033594147645
zaiw1241,sino1245,-2.9238808266989444,0.030146289652056124,0,-5.1851527780825,3.802885347036135
zakh1243,sino1245,-3.5608217405015217,0.013979559725450402,0,-2.4542051788275,3.64962384164798
zarm1239,song1307,-2.021096755416241,0.014369463399911665,0,-3.179384781179575,5.26573304242268
zays1235,gong1255,-4.322859790933775,0.028534574490224687,0,-4.778913359340001,4.7269022168079555
zuni1245,zuni1245,-2.985371075252343,0.012928863471953902,1,-2.6537943139099998,4.43424931573894
