Feature,Tree_Sample_Index,Beta_Slope,Standard_Error
1560KA,1,-0.5382031998662485,0.48940429312331324
1560KA,2,-0.4477298322227695,0.5116668488578224
1560KA,3,-0.5014632055738152,0.4849719227590154
1560KA,4,-0.40101286371057193,0.4890647510956326
1560KA,5,-0.5284979026897518,0.4882793382122667
1560KA,6,-0.4858294857514182,0.48191286219396573
1560KA,7,-0.29645526631063057,0.4685013907105399
1560KA,8,-0.4869917339644973,0.48383270262182393
1560KA,9,-0.31786615559946924,0.5081826472047551
1560KA,10,-0.28695817684950564,0.46931081916521095
1560KA,11,-0.308321486036071,0.5091141244298515
1560KA,12,-0.5250512614877544,0.4900793413759752
1560KA,13,-0.5085174923969198,0.4851953938108791
1560KA,14,-0.23562772353188458,0.5068996545059914
1560KA,15,-0.13938945505774136,0.5047109703331909
1560KA,16,-0.5255782677568519,0.4884477453235768
1560KA,17,-0.5136182444675477,0.48831330989459254
1560KA,18,-0.5085916204335481,0.487150223394054
1560KA,19,-0.525028563248434,0.48836618926966163
1560KA,20,-0.4968981708662857,0.4838382988568083
1560KA,21,-0.1507923263119651,0.5050720972291552
1560KA,22,-0.09914607895510157,0.5031003665716591
1560KA,23,-0.21902367062916164,0.5066457371853217
1560KA,24,-0.5310037306889666,0.4885192876134924
1560KA,25,-0.3763981202629167,0.5108604481484621
1560KA,26,-0.2528135441967073,0.5085111378854718
1560KA,27,-0.3659730073188716,0.47841038399129315
1560KA,28,-0.4725539160284084,0.48375899794303295
1560KA,29,-0.420752176289802,0.4904301650025407
1560KA,30,-0.5213846202007376,0.48735083848861416
1560KA,31,-0.12354325326841542,0.5052072288279832
1560KA,32,-0.5261364970573897,0.489575018233524
1560KA,33,-0.23889258794985224,0.5073776444010456
1560KA,34,-0.458941419633721,0.4813704231439631
1560KA,35,-0.4173009464864888,0.4894510376861337
1560KA,36,-0.3401449929216177,0.5091079327471403
1560KA,37,-0.5209578790336297,0.48796315388689143
1560KA,38,-0.22925148208066737,0.5072474100686721
1560KA,39,-0.427156178658074,0.48339346044712456
1560KA,40,-0.29335647562848394,0.5084668073073572
1560KA,41,-0.41553628993721975,0.4776937876550944
1560KA,42,-0.5061962744589344,0.4868192887023281
1560KA,43,-0.527977667799401,0.48906245399152753
1560KA,44,-0.20663938996273262,0.5055312536584313
1560KA,45,-0.40677629356842987,0.48666739138547765
1560KA,46,-0.14508161140254977,0.5053602412867046
1560KA,47,-0.41238512458540855,0.4919028729473988
1560KA,48,-0.5156376075598069,0.48761182500054856
1560KA,49,-0.48119346736967783,0.483607100943514
1560KA,50,-0.3761964045794334,0.4711120831027949
1560KA,51,-0.515242282702341,0.4876071212998689
1560KA,52,-0.19983764621346944,0.5063883656677272
1560KA,53,-0.41311039327096094,0.4886565789163673
1560KA,54,-0.3500760542914025,0.47238989390928526
1560KA,55,-0.38933351711834785,0.48568358031344544
1560KA,56,-0.3688331732927358,0.4777886705644611
1560KA,57,-0.36639001639276725,0.4776626318383537
1560KA,58,-0.47468776827278125,0.48059713779129426
1560KA,59,-0.4932488945023448,0.48286448057158105
1560KA,60,-0.4741450479825862,0.4812377399660368
1560KA,61,-0.4203202076597958,0.4916035248153728
1560KA,62,-0.20827619495346147,0.5058059389366952
1560KA,63,-0.419717779525732,0.5106714111670504
1560KA,64,-0.5230865222192385,0.48755826709331057
1560KA,65,-0.39142100085258014,0.47290750503314505
1560KA,66,-0.41356080681189816,0.47534193604728214
1560KA,67,-0.4193633993150846,0.47605032989192353
1560KA,68,-0.38504941227140876,0.5103131603245254
1560KA,69,-0.5303920735582801,0.4897097559936783
1560KA,70,-0.39538390678261887,0.4875921121957594
1560KA,71,-0.15860728336687555,0.5056892189162863
1560KA,72,-0.5046920702950233,0.48443959054591923
1560KA,73,-0.20308865422576824,0.5065815281867417
1560KA,74,-0.45706594039751924,0.5115866071423871
1560KA,75,-0.3466311958101895,0.4697695620911488
1560KA,76,-0.4136689582701443,0.47342878937816196
1560KA,77,-0.36819469154453766,0.4783168979328425
1560KA,78,-0.5270957251107916,0.48813836507209696
1560KA,79,-0.38212549559710435,0.48673315387954275
1560KA,80,-0.12374298667656769,0.5040149935457513
1560KA,81,-0.3308393811419236,0.5091446652606589
1560KA,82,-0.4034241257394061,0.48459833942325775
1560KA,83,-0.41633252862435594,0.47907465180759573
1560KA,84,-0.5201466290958344,0.4881318996980013
1560KA,85,-0.4917635725715095,0.4826972624758334
1560KA,86,-0.22878206579484264,0.5068808374170541
1560KA,87,-0.5242247038733306,0.48844212507325857
1560KA,88,-0.36600237645703104,0.47908283860269746
1560KA,89,-0.41608543999437525,0.49028330442201706
1560KA,90,-0.2737964043389091,0.5083532839718162
1560KA,91,-0.36564136080999293,0.5098678153932538
1560KA,92,-0.2539743074951652,0.5076996534072794
1560KA,93,-0.21573011367620754,0.5068191365921481
1560KA,94,-0.4140313624793274,0.48959338167860483
1560KA,95,-0.5411737913358208,0.49034974440540197
1560KA,96,-0.34826390728826667,0.4699544034164863
1560KA,97,-0.46130039859427485,0.4801076934702496
1560KA,98,-0.30707538247165295,0.4689009404110158
1560KA,99,-0.5278172045141333,0.489803561935971
1560KA,100,-0.3963214016944552,0.48672772431581574
