Feature,Sample_Size_N,Spatial_Density,Structural_Density,Topology_Tier
0001_or_2aKA,1957,0.017571551130491664,0.08457866627376112,sparse_topology
0001_or_2bKA,1880,0.018202869339734806,0.08398820105760194,sparse_topology
0005KA,1786,0.017515001521325214,0.08499220516874163,sparse_topology
0008KA,1771,0.01907952033228378,0.08454542264416988,sparse_topology
0015aKA,1940,0.019336144149125652,0.0843069283241973,sparse_topology
0015bKA,1925,0.019324999324999325,0.08564732564732565,sparse_topology
0045KA,2030,0.018649289732378053,0.08630668120139746,sparse_topology
0055KA,1938,0.018820929453214865,0.0826941324582981,sparse_topology
0056KA,1833,0.01752621159385073,0.08615341733431485,sparse_topology
0057aKA,1809,0.017486314738989418,0.08716190434259381,sparse_topology
0057bKA,1839,0.01720254124012376,0.08674049919498994,sparse_topology
0062aKA,1409,0.016868023743467322,0.0881760516807536,sparse_topology
0062bKA,1335,0.01710380764673843,0.08892070818523323,sparse_topology
0065_or_66KA,1786,0.017515001521325214,0.08497275730000847,sparse_topology
0067_or_68KA,1786,0.017515001521325214,0.08499220516874163,sparse_topology
0069KA,1753,0.016923369461874883,0.0854047985579841,sparse_topology
0070KA,1694,0.01733228914671217,0.08462793180615229,sparse_topology
0071KA,1678,0.01746833517767908,0.08540351370963672,sparse_topology
0072KA,1728,0.017206968839134446,0.08550740955199554,sparse_topology
0073KA,1839,0.01720254124012376,0.08674049919498994,sparse_topology
0074KA,1702,0.017341703332041495,0.08685358926904821,sparse_topology
0075KA,1809,0.017486314738989418,0.08716190434259381,sparse_topology
0084KA,1662,0.018393222878364056,0.08162843922042526,sparse_topology
0087KA,1472,0.01670244288121065,0.08890173794815713,sparse_topology
0088KA,1539,0.016796071959989556,0.09118700522437433,sparse_topology
0091KA,1465,0.016592066245174286,0.08902907551427666,sparse_topology
0093KA,1947,0.017156074831968016,0.09222610905332525,sparse_topology
0095aKA,1276,0.017264736615649395,0.08913270637408569,sparse_topology
0095bKA,1262,0.017495485056384954,0.09021466875960643,sparse_topology
0096KA,1277,0.017289248164413556,0.08900661081148754,sparse_topology
0101KA,1871,0.01700197497977861,0.08590276011283965,sparse_topology
0107aKA,1516,0.01721048094255336,0.09092452780898143,sparse_topology
0107bKA,1833,0.01752621159385073,0.0861742627281975,sparse_topology
0107cKA,1989,0.01821942211337406,0.08335837043376397,sparse_topology
0108KA,1540,0.018468730749432505,0.07863176459667688,sparse_topology
0110KA,1529,0.01673749054064697,0.09102551371563387,sparse_topology
0116KA,2225,0.01793468595909789,0.08494018268531242,sparse_topology
0121KA,1438,0.016935684468589424,0.09028816215206499,sparse_topology
0125KA,1264,0.017271014362027323,0.0893993605740802,sparse_topology
0126nKA,1500,0.017137647320435847,0.09256748943740271,sparse_topology
0144KA,1679,0.01708832588783408,0.09111857120242269,sparse_topology
0145KA,1696,0.01854511048032504,0.07922997718038627,sparse_topology
0147KA,1642,0.01879442810264678,0.07892308914159914,sparse_topology
0166KA,2020,0.018938892403356236,0.08688695021062284,sparse_topology
0173KA,1871,0.017942305438768482,0.08336529694721288,sparse_topology
0174KA,1840,0.01828202945835402,0.08488131545972527,sparse_topology
0175KA,1476,0.01653024665839879,0.08827798447476,sparse_topology
0176KA,1544,0.016803280064741653,0.09043599877769905,sparse_topology
0177KA,1800,0.018591192637885244,0.08295719844357977,sparse_topology
0178KA,1779,0.018985400855247227,0.08534641432890029,sparse_topology
0179aKA,1729,0.016872442859284964,0.09183013623803098,sparse_topology
0179bKA,1769,0.01705849100522063,0.09264955275496292,sparse_topology
0179cKA,1782,0.01692702179320184,0.09095257270439752,sparse_topology
0183KA,1870,0.018347195875285764,0.0875734972231998,sparse_topology
0228KA,1992,0.018586651982112276,0.08557182017875621,sparse_topology
0229KA,1992,0.018586651982112276,0.08557888006067464,sparse_topology
0230aKA,1687,0.018573404465520648,0.08127182888335263,sparse_topology
0230bKA,1871,0.018732868979669998,0.08623430519868411,sparse_topology
0230cKA,1737,0.018292569688190614,0.07863085620899427,sparse_topology
0230dKA,1687,0.018573404465520648,0.08127182888335263,sparse_topology
0230eKA,1871,0.018732868979669998,0.08623430519868411,sparse_topology
0230fKA,1737,0.018292569688190614,0.07863085620899427,sparse_topology
0231aKA,1687,0.018573404465520648,0.08127182888335263,sparse_topology
0231bKA,995,0.015702253723345095,0.08795082050089481,sparse_topology
0232KA,1587,0.018696200449586052,0.08227790266279218,sparse_topology
0237aKA,1765,0.01718730929576741,0.09233200362297894,sparse_topology
0238aKA,1780,0.017892895263719677,0.07966791089552899,sparse_topology
0238bKA,1607,0.016644180465135022,0.08085655766606402,sparse_topology
0238dKA,1376,0.01604122621564482,0.08451479915433403,sparse_topology
0239aKA,1579,0.018525787205487743,0.08264684375328596,sparse_topology
0239bKA,1386,0.016680471554117764,0.08679054599632217,sparse_topology
0239cKA,1549,0.015975131075646038,0.0826698228247615,sparse_topology
0240aKA,1485,0.019779102797970724,0.09498670442066669,sparse_topology
0245aKA,1834,0.01817758874767158,0.07798265293798833,sparse_topology
0245bKA,878,0.017028438739438392,0.06921504507757083,sparse_topology
0247KA,1617,0.01941393118903727,0.09743550885700815,sparse_topology
0260KA,1609,0.019612935941795064,0.0965549814631009,sparse_topology
0276KA,1765,0.01718730929576741,0.09233200362297894,sparse_topology
0320KA,1529,0.01954019839815915,0.099150284722246,sparse_topology
0328KA,2044,0.018661881102289044,0.0863020403784389,sparse_topology
0331aKA,2030,0.018649289732378053,0.08631396475246851,sparse_topology
0331bKA,2043,0.01857852450473488,0.08578538886995224,sparse_topology
0332KA,2036,0.018642807837306857,0.08615727711994903,sparse_topology
0344KA,2070,0.018215992696418024,0.08458846136783389,sparse_topology
0356KA,1945,0.019160663090968717,0.08371576375003967,sparse_topology
0357KA,1942,0.019205597038484946,0.08373113968136228,sparse_topology
0365KA,1955,0.019123733334729467,0.08321051708476546,sparse_topology
0386KA,2225,0.01793468595909789,0.0849409910274028,sparse_topology
0423KA,1469,0.01690337826432929,0.0882553702958323,sparse_topology
0439KA,1516,0.02028527390997675,0.0985361860724331,sparse_topology
0446KA,1602,0.019442436492173663,0.0791936375595465,sparse_topology
0454KA,1407,0.01994902544784713,0.09936802474115906,sparse_topology
0489KA,1869,0.01939740359729292,0.08106340002497643,sparse_topology
0493aKA,1514,0.017508322848828427,0.07700763353446703,sparse_topology
0493bKA,1456,0.01799308938484196,0.07697972130961822,sparse_topology
0504aKA,1381,0.01952796230414843,0.10385354028271888,moderate_topology
0504bKA,1348,0.01978129220005331,0.10167996140450589,moderate_topology
0506KA,329,0.014270887389724962,0.08099191934168581,sparse_topology
0507KA,1296,0.017853567853567853,0.08700962867629534,sparse_topology
0511aKA,1787,0.017469079597516216,0.08866198643807366,sparse_topology
0511bKA,1752,0.01731300313715059,0.09019764309500898,sparse_topology
0513KA,2225,0.01793468595909789,0.08494018268531242,sparse_topology
0516KA,2225,0.01793468595909789,0.08494018268531242,sparse_topology
0517KA,1946,0.01716473314187431,0.09209108658721205,sparse_topology
0521KA,1626,0.016941621723909547,0.09416065852966223,sparse_topology
0564KA,1776,0.017316330414921963,0.08885230300723258,sparse_topology
0569KA,1992,0.018586651982112276,0.08557888006067464,sparse_topology
0572KA,2225,0.01793468595909789,0.08494018268531242,sparse_topology
0573KA,1744,0.018057814482043508,0.08414786274850385,sparse_topology
0577KA,1421,0.019491332229832195,0.07577088144631335,sparse_topology
0582KA,2225,0.01793468595909789,0.08494018268531242,sparse_topology
0612KA,1578,0.020424302774435747,0.07454593237870433,sparse_topology
0668KA,1540,0.018468730749432505,0.07863176459667688,sparse_topology
0798KA,1779,0.01785611537175054,0.07990991008080145,sparse_topology
0822KA,1236,0.01777576877219187,0.09054675523760858,sparse_topology
0837KA,1411,0.018255751416177853,0.08859367381918161,sparse_topology
0889aKA,2085,0.018804917678141554,0.0830127452740303,sparse_topology
0889bKA,2085,0.018804917678141554,0.0830127452740303,sparse_topology
0917aKA,1550,0.01839771757012849,0.07795747516608009,sparse_topology
0917bKA,1989,0.01821942211337406,0.08336039363379877,sparse_topology
0917cKA,1407,0.017363901888646588,0.08816413765353279,sparse_topology
0964aKA,1910,0.01905111911337588,0.08550788631420743,sparse_topology
0964bKA,1903,0.01931644815618485,0.08592277509693312,sparse_topology
0982KA,1108,0.016178633507153362,0.08691164528973809,sparse_topology
0983KA,1140,0.016687460530166506,0.08820140782157325,sparse_topology
1027aKA,1882,0.019416718784692383,0.08220297951267244,sparse_topology
1027bKA,1882,0.019416718784692383,0.08220297951267244,sparse_topology
1027cKA,1882,0.019416718784692383,0.08220297951267244,sparse_topology
1028aKA,1882,0.019416718784692383,0.08220297951267244,sparse_topology
1028bKA,1882,0.019416718784692383,0.08220297951267244,sparse_topology
1028cKA,1882,0.019416718784692383,0.08220297951267244,sparse_topology
1053KA,2225,0.01793468595909789,0.08494018268531242,sparse_topology
1111KA,1687,0.018573404465520648,0.08127182888335263,sparse_topology
1114KA,1003,0.01986654806040959,0.10685707349010852,moderate_topology
1142aKA,1143,0.014704598002307504,0.0940928793708142,sparse_topology
1142bKA,1143,0.014704598002307504,0.0940928793708142,sparse_topology
1152KA,1425,0.016889414547604967,0.0901833234772324,sparse_topology
1163KA,1904,0.018231386090957664,0.0860527605682315,sparse_topology
1216KA,1837,0.018909299641951986,0.08326958679195383,sparse_topology
1267aKA,1548,0.020168234258521538,0.0976391749305566,sparse_topology
1267bKA,1548,0.020168234258521538,0.0976391749305566,sparse_topology
1334aKA,1366,0.016779023806842253,0.08652626046476705,sparse_topology
1334bKA,1332,0.01685156230610776,0.08616994154184236,sparse_topology
1334cKA,1310,0.016918689752097926,0.08589856483884324,sparse_topology
1341KA,1598,0.01704933295611374,0.0781275592612243,sparse_topology
1349KA,1637,0.017309079612207314,0.0891472115638811,sparse_topology
1372KA,1347,0.015294567973957868,0.07911477930705073,sparse_topology
1415KA,1595,0.0189480143012787,0.1010332634526811,moderate_topology
1427KA,1386,0.0192674553685384,0.10507863576455634,moderate_topology
1430KA,1404,0.018311392153159793,0.09783471722174501,sparse_topology
1431mKA,1743,0.017622729724869626,0.09196372170657371,sparse_topology
1431nKA,1743,0.017622729724869626,0.09196372170657371,sparse_topology
1434KA,1546,0.018555872342028913,0.09368450579216854,sparse_topology
1436KA,1627,0.016823272104878394,0.08482322069686585,sparse_topology
1499KA,1446,0.02129918113205741,0.08403087864386663,sparse_topology
1531KA,1469,0.019754304676298358,0.1027307312060513,moderate_topology
1534KA,1550,0.01839771757012849,0.07795747516608009,sparse_topology
1537KA,1003,0.01986654806040959,0.10685707349010852,moderate_topology
1544KA,1542,0.01928523513375434,0.07976022442347558,sparse_topology
1545KA,1677,0.018172295965491282,0.08619423535891316,sparse_topology
1546aKA,1661,0.017250458788797576,0.09022870530889361,sparse_topology
1546bKA,1661,0.017250458788797576,0.09022870530889361,sparse_topology
1548aKA,2085,0.018804917678141554,0.0830127452740303,sparse_topology
1548bKA,2085,0.018804917678141554,0.0830127452740303,sparse_topology
1549KA,1989,0.01821942211337406,0.08336039363379877,sparse_topology
1550KA,1516,0.01721048094255336,0.09093584820223446,sparse_topology
1559KA,1674,0.016104394697997074,0.08124181872326021,sparse_topology
1560KA,1696,0.018913146323815886,0.07984847219903156,sparse_topology
1561KA,1775,0.01873382345935818,0.08056020451911015,sparse_topology
1586KA,1422,0.02000037611436252,0.10014638766899164,moderate_topology
1589KA,1453,0.01997861364062953,0.10026657111059288,moderate_topology
1591KA,1258,0.017151645538561165,0.08938687388778642,sparse_topology
1592KA,1273,0.016973227210521375,0.08835662798223382,sparse_topology
1593KA,1017,0.01802816683312816,0.10264480214309495,moderate_topology
1610KA,1972,0.019156573562086356,0.08332741588736477,sparse_topology
1611KA,2030,0.018649289732378053,0.08631396475246851,sparse_topology
1612aKA,1648,0.01768808837486221,0.09150868598982558,sparse_topology
1612bKA,1613,0.017425877524271622,0.08885543790449496,sparse_topology
1612cKA,1699,0.01813441149820687,0.08864841855979856,sparse_topology
1612dKA,1647,0.017660151636208845,0.09038193821971684,sparse_topology
1621KA,1295,0.016617235473495133,0.08124459190919778,sparse_topology
1653KA,1760,0.01867667579719882,0.08141829035092253,sparse_topology
1667aKA,1012,0.02051348213133789,0.10739963171907436,moderate_topology
1667bKA,1003,0.01986654806040959,0.10685707349010852,moderate_topology
1741KA,1523,0.019280364244096,0.10354934370316557,moderate_topology
1827KA,1385,0.017029068675528475,0.08755869034452536,sparse_topology
1994aKA,1451,0.019432971315858267,0.09990636659616436,sparse_topology
1994bKA,1550,0.018893354713759136,0.09719735937857932,sparse_topology
1994cKA,1553,0.019234471359058956,0.1005046766816471,moderate_topology
1994dKA,1550,0.019371498781732232,0.09851100606010121,sparse_topology
2012KA,1223,0.020511125415354638,0.08917863160134519,sparse_topology
