Spatial_Radius_KM,Structural_Depth_Threshold,Global_Avg_Spatial_Density,Global_Avg_Structural_Density
200.0,4,0.0036253359979603376,0.12750077186502878
200.0,6,0.0036253359979603376,0.04021255681878561
200.0,8,0.0036253359979603376,0.00429107859291156
200.0,10,0.0036253359979603376,0.00016087452583761044
200.0,12,0.0036253359979603376,0.00016087452583761044
350.0,4,0.007679701153561375,0.12750077186502878
350.0,6,0.007679701153561375,0.04021255681878561
350.0,8,0.007679701153561375,0.00429107859291156
350.0,10,0.007679701153561375,0.00016087452583761044
350.0,12,0.007679701153561375,0.00016087452583761044
500.0,4,0.012366087929876679,0.12750077186502878
500.0,6,0.012366087929876679,0.04021255681878561
500.0,8,0.012366087929876679,0.00429107859291156
500.0,10,0.012366087929876679,0.00016087452583761044
500.0,12,0.012366087929876679,0.00016087452583761044
750.0,4,0.0216816103774562,0.12750077186502878
750.0,6,0.0216816103774562,0.04021255681878561
750.0,8,0.0216816103774562,0.00429107859291156
750.0,10,0.0216816103774562,0.00016087452583761044
750.0,12,0.0216816103774562,0.00016087452583761044
1000.0,4,0.032091966651007886,0.12750077186502878
1000.0,6,0.032091966651007886,0.04021255681878561
1000.0,8,0.032091966651007886,0.00429107859291156
1000.0,10,0.032091966651007886,0.00016087452583761044
1000.0,12,0.032091966651007886,0.00016087452583761044
